transaction_id,is_fraud,pattern
TXN0003498,False,none
TXN0010239,False,none
TXN0011088,False,none
TXN0011054,False,none
TXN0002441,False,none
TXN0008754,False,none
TXN0007301,False,none
TXN0006526,False,none
TXN0004726,False,none
TXN0006759,False,none
TXN0002402,False,none
TXN0001360,False,none
TXN0011718,False,none
TXN0005322,False,none
TXN0010153,False,none
TXN0007510,False,none
TXN0010239,False,none
TXN0010872,False,none
TXN0002272,False,none
TXN0004498,False,none
TXN0007128,False,none
TXN0001494,False,none
TXN0003491,False,none
TXN0011134,False,none
TXN0002044,False,none
TXN0001921,False,none
TXN0010852,False,none
TXN0001607,False,none
TXN0007293,False,none
TXN0011012,False,none
TXN0004593,False,none
TXN0004205,False,none
TXN0001701,False,none
TXN0003371,False,none
TXN0002672,False,none
TXN0009387,False,none
TXN0005970,False,none
TXN0006487,False,none
TXN0010727,False,none
TXN0007358,False,none
TXN0009815,False,none
TXN0000180,False,none
TXN0002605,False,none
TXN0004124,False,none
TXN0001695,False,none
TXN0010713,False,none
TXN0006928,False,none
TXN0010420,False,none
TXN0007081,False,none
TXN0001609,False,none
TXN0005376,False,none
TXN0004485,False,none
TXN0006463,False,none
TXN0009915,False,none
TXN0002237,False,none
TXN0010730,False,none
TXN0001459,False,none
TXN0001761,False,none
TXN0004121,False,none
TXN0006516,False,none
TXN0007694,False,none
TXN0006860,False,none
TXN0011091,False,none
TXN0005081,False,none
TXN0011223,False,none
TXN0002448,False,none
TXN0009561,False,none
TXN0006002,False,none
TXN0001855,False,none
TXN0000077,False,none
TXN0004927,False,none
TXN0006703,False,none
TXN0006214,False,none
TXN0002692,False,none
TXN0007980,False,none
TXN0011567,False,none
TXN0000211,False,none
TXN0002440,False,none
TXN0011744,False,none
TXN0008262,False,none
TXN0002192,False,none
TXN0010634,False,none
TXN0002868,False,none
TXN0000399,False,none
TXN0005953,False,none
TXN0001847,False,none
TXN0009029,False,none
TXN0003456,False,none
TXN0004097,False,none
TXN0010365,False,none
TXN0010247,False,none
TXN0008689,False,none
TXN0000861,False,none
TXN0012159,False,lookalike_legit
TXN0003282,False,none
TXN0004969,False,none
TXN0001224,False,none
TXN0007079,False,none
TXN0005769,False,none
TXN0010361,False,none
TXN0005177,False,none
TXN0002802,False,none
TXN0011746,False,none
TXN0006774,False,none
TXN0011486,False,none
TXN0002312,False,none
TXN0000724,False,none
TXN0007133,False,none
TXN0008696,False,none
TXN0005736,False,none
TXN0000111,False,none
TXN0009689,False,none
TXN0001139,False,none
TXN0002112,False,none
TXN0005889,False,none
TXN0001258,False,none
TXN0004328,False,none
TXN0001793,False,none
TXN0004271,False,none
TXN0010240,False,none
TXN0004714,False,none
TXN0000159,False,none
TXN0002759,False,none
TXN0003795,False,none
TXN0008670,False,none
TXN0009599,False,none
TXN0006469,False,none
TXN0000695,False,none
TXN0002524,False,none
TXN0003686,False,none
TXN0009379,False,none
TXN0005198,False,none
TXN0001774,False,none
TXN0009616,False,none
TXN0005304,False,none
TXN0004084,False,none
TXN0008155,False,none
TXN0007103,False,none
TXN0006791,False,none
TXN0011691,False,none
TXN0006344,False,none
TXN0005373,False,none
TXN0000769,False,none
TXN0010291,False,none
TXN0000616,False,none
TXN0005537,False,none
TXN0005374,False,none
TXN0007094,False,none
TXN0012013,True,velocity
TXN0007542,False,none
TXN0002086,False,none
TXN0004021,False,none
TXN0008423,False,none
TXN0012031,True,velocity
TXN0006064,False,none
TXN0000366,False,none
TXN0008641,False,none
TXN0006381,False,none
TXN0010275,False,none
TXN0007899,False,none
TXN0001058,False,none
TXN0010261,False,none
TXN0005746,False,none
TXN0005085,False,none
TXN0011728,False,none
TXN0001479,False,none
TXN0004634,False,none
TXN0007028,False,none
TXN0001129,False,none
TXN0008708,False,none
TXN0006997,False,none
TXN0008716,False,none
TXN0006981,False,none
TXN0000235,False,none
TXN0003891,False,none
TXN0010266,False,none
TXN0011508,False,none
TXN0011132,False,none
TXN0012037,True,velocity
TXN0005673,False,none
TXN0003005,False,none
TXN0009888,False,none
TXN0010369,False,none
TXN0000016,False,none
TXN0001266,False,none
TXN0001302,False,none
TXN0005828,False,none
TXN0010307,False,none
TXN0007240,False,none
TXN0008245,False,none
TXN0003038,False,none
TXN0012065,True,velocity
TXN0009896,False,none
TXN0000517,False,none
TXN0006191,False,none
TXN0009866,False,none
TXN0010359,False,none
TXN0002735,False,none
TXN0010363,False,none
TXN0002563,False,none
TXN0007343,False,none
TXN0002770,False,none
TXN0008607,False,none
TXN0009194,False,none
TXN0006641,False,none
TXN0005633,False,none
TXN0009046,False,none
TXN0004478,False,none
TXN0007915,False,none
TXN0011897,False,none
TXN0010433,False,none
TXN0008076,False,none
TXN0006076,False,none
TXN0010648,False,none
TXN0001276,False,none
TXN0000901,False,none
TXN0002101,False,none
TXN0001322,False,none
TXN0009766,False,none
TXN0006171,False,none
TXN0001346,False,none
TXN0012062,True,velocity
TXN0009628,False,none
TXN0000345,False,none
TXN0000557,False,none
TXN0011024,False,none
TXN0007256,False,none
TXN0006851,False,none
TXN0009994,False,none
TXN0010976,False,none
TXN0009534,False,none
TXN0008990,False,none
TXN0007436,False,none
TXN0003303,False,none
TXN0006966,False,none
TXN0005486,False,none
TXN0010701,False,none
TXN0006124,False,none
TXN0008766,False,none
TXN0011405,False,none
TXN0003170,False,none
TXN0003834,False,none
TXN0003914,False,none
TXN0010897,False,none
TXN0004168,False,none
TXN0003009,False,none
TXN0003955,False,none
TXN0012149,False,lookalike_legit
TXN0009441,False,none
TXN0004786,False,none
TXN0009831,False,none
TXN0000281,False,none
TXN0009615,False,none
TXN0000069,False,none
TXN0007909,False,none
TXN0009262,False,none
TXN0003653,False,none
TXN0004878,False,none
TXN0011439,False,none
TXN0007088,False,none
TXN0005281,False,none
TXN0003866,False,none
TXN0007439,False,none
TXN0002952,False,none
TXN0002406,False,none
TXN0010818,False,none
TXN0003850,False,none
TXN0001696,False,none
TXN0001600,False,none
TXN0008153,False,none
TXN0010483,False,none
TXN0001694,False,none
TXN0011481,False,none
TXN0002418,False,none
TXN0010638,False,none
TXN0004141,False,none
TXN0007327,False,none
TXN0004295,False,none
TXN0003939,False,none
TXN0008949,False,none
TXN0006067,False,none
TXN0010632,False,none
TXN0001959,False,none
TXN0004108,False,none
TXN0005076,False,none
TXN0010937,False,none
TXN0007914,False,none
TXN0004541,False,none
TXN0004046,False,none
TXN0005570,False,none
TXN0002512,False,none
TXN0000286,False,none
TXN0010252,False,none
TXN0007905,False,none
TXN0011408,False,none
TXN0005716,False,none
TXN0009411,False,none
TXN0001900,False,none
TXN0002376,False,none
TXN0000893,False,none
TXN0001748,False,none
TXN0006706,False,none
TXN0004581,False,none
TXN0001626,False,none
TXN0006640,False,none
TXN0005264,False,none
TXN0002209,False,none
TXN0003383,False,none
TXN0011824,False,none
TXN0000488,False,none
TXN0000113,False,none
TXN0003230,False,none
TXN0007577,False,none
TXN0000652,False,none
TXN0005528,False,none
TXN0004853,False,none
TXN0002493,False,none
TXN0008418,False,none
TXN0005068,False,none
TXN0001958,False,none
TXN0004545,False,none
TXN0007508,False,none
TXN0000788,False,none
TXN0007288,False,none
TXN0010331,False,none
TXN0002158,False,none
TXN0003399,False,none
TXN0001495,False,none
TXN0009629,False,none
TXN0003565,False,none
TXN0008834,False,none
TXN0009516,False,none
TXN0000219,False,none
TXN0005173,False,none
TXN0000989,False,none
TXN0009767,False,none
TXN0004534,False,none
TXN0000298,False,none
TXN0004094,False,none
TXN0003685,False,none
TXN0004825,False,none
TXN0002148,False,none
TXN0000166,False,none
TXN0000382,False,none
TXN0009759,False,none
TXN0004217,False,none
TXN0001862,False,none
TXN0004050,False,none
TXN0000395,False,none
TXN0011109,False,none
TXN0009111,False,none
TXN0008640,False,none
TXN0006926,False,none
TXN0008510,False,none
TXN0009060,False,none
TXN0008895,False,none
TXN0005638,False,none
TXN0008885,False,none
TXN0005855,False,none
TXN0002587,False,none
TXN0002208,False,none
TXN0008062,False,none
TXN0011965,True,structuring
TXN0010702,False,none
TXN0006333,False,none
TXN0010176,False,none
TXN0006914,False,none
TXN0010856,False,none
TXN0008254,False,none
TXN0001406,False,none
TXN0006864,False,none
TXN0006419,False,none
TXN0008858,False,none
TXN0002886,False,none
TXN0004446,False,none
TXN0004111,False,none
TXN0003348,False,none
TXN0006128,False,none
TXN0008454,False,none
TXN0001167,False,none
TXN0003074,False,none
TXN0006957,False,none
TXN0002307,False,none
TXN0006984,False,none
TXN0010995,False,none
TXN0009345,False,none
TXN0001000,False,none
TXN0006322,False,none
TXN0005817,False,none
TXN0008966,False,none
TXN0004979,False,none
TXN0010245,False,none
TXN0001179,False,none
TXN0006615,False,none
TXN0002130,False,none
TXN0001857,False,none
TXN0004258,False,none
TXN0010300,False,none
TXN0002791,False,none
TXN0009666,False,none
TXN0001378,False,none
TXN0002737,False,none
TXN0000662,False,none
TXN0009989,False,none
TXN0006974,False,none
TXN0005558,False,none
TXN0007136,False,none
TXN0007505,False,none
TXN0010593,False,none
TXN0001665,False,none
TXN0007433,False,none
TXN0011677,False,none
TXN0009462,False,none
TXN0006580,False,none
TXN0001146,False,none
TXN0004861,False,none
TXN0004622,False,none
TXN0001390,False,none
TXN0000107,False,none
TXN0006319,False,none
TXN0009776,False,none
TXN0002566,False,none
TXN0010138,False,none
TXN0006876,False,none
TXN0010614,False,none
TXN0010022,False,none
TXN0004832,False,none
TXN0002849,False,none
TXN0007139,False,none
TXN0010969,False,none
TXN0001829,False,none
TXN0010754,False,none
TXN0010268,False,none
TXN0004951,False,none
TXN0009202,False,none
TXN0003546,False,none
TXN0006446,False,none
TXN0002736,False,none
TXN0011981,True,structuring
TXN0002896,False,none
TXN0011591,False,none
TXN0007956,False,none
TXN0009711,False,none
TXN0008482,False,none
TXN0010715,False,none
TXN0002660,False,none
TXN0008258,False,none
TXN0000424,False,none
TXN0001398,False,none
TXN0007806,False,none
TXN0000018,False,none
TXN0006867,False,none
TXN0002937,False,none
TXN0011777,False,none
TXN0002466,False,none
TXN0003370,False,none
TXN0009468,False,none
TXN0006416,False,none
TXN0006209,False,none
TXN0005732,False,none
TXN0000513,False,none
TXN0011417,False,none
TXN0009692,False,none
TXN0008909,False,none
TXN0008136,False,none
TXN0006458,False,none
TXN0005790,False,none
TXN0006708,False,none
TXN0010374,False,none
TXN0005942,False,none
TXN0003905,False,none
TXN0010440,False,none
TXN0003126,False,none
TXN0009244,False,none
TXN0006016,False,none
TXN0011356,False,none
TXN0004872,False,none
TXN0000855,False,none
TXN0000986,False,none
TXN0009720,False,none
TXN0006108,False,none
TXN0011062,False,none
TXN0003274,False,none
TXN0000824,False,none
TXN0011382,False,none
TXN0001158,False,none
TXN0007197,False,none
TXN0000466,False,none
TXN0009773,False,none
TXN0011246,False,none
TXN0011192,False,none
TXN0008370,False,none
TXN0004237,False,none
TXN0003953,False,none
TXN0011916,False,none
TXN0005758,False,none
TXN0004551,False,none
TXN0001648,False,none
TXN0011220,False,none
TXN0006518,False,none
TXN0005971,False,none
TXN0011890,False,none
TXN0002611,False,none
TXN0011186,False,none
TXN0002633,False,none
TXN0006203,False,none
TXN0011482,False,none
TXN0005802,False,none
TXN0005711,False,none
TXN0011845,False,none
TXN0003356,False,none
TXN0008956,False,none
TXN0008986,False,none
TXN0011854,False,none
TXN0000674,False,none
TXN0001871,False,none
TXN0002481,False,none
TXN0011238,False,none
TXN0005339,False,none
TXN0003630,False,none
TXN0004196,False,none
TXN0010893,False,none
TXN0005771,False,none
TXN0011615,False,none
TXN0006027,False,none
TXN0010501,False,none
TXN0004997,False,none
TXN0001516,False,none
TXN0007116,False,none
TXN0010766,False,none
TXN0008736,False,none
TXN0003810,False,none
TXN0007378,False,none
TXN0010513,False,none
TXN0000246,False,none
TXN0010219,False,none
TXN0008269,False,none
TXN0011773,False,none
TXN0009622,False,none
TXN0000206,False,none
TXN0009892,False,none
TXN0008071,False,none
TXN0008579,False,none
TXN0008489,False,none
TXN0011295,False,none
TXN0005750,False,none
TXN0009524,False,none
TXN0000642,False,none
TXN0010542,False,none
TXN0007545,False,none
TXN0001890,False,none
TXN0007064,False,none
TXN0004716,False,none
TXN0003280,False,none
TXN0008436,False,none
TXN0010342,False,none
TXN0004504,False,none
TXN0004524,False,none
TXN0003811,False,none
TXN0006127,False,none
TXN0009428,False,none
TXN0005354,False,none
TXN0012080,True,high_risk_geo
TXN0006438,False,none
TXN0005597,False,none
TXN0003378,False,none
TXN0008842,False,none
TXN0007158,False,none
TXN0006227,False,none
TXN0007120,False,none
TXN0008625,False,none
TXN0011165,False,none
TXN0007389,False,none
TXN0007216,False,none
TXN0003552,False,none
TXN0002931,False,none
TXN0002171,False,none
TXN0007438,False,none
TXN0008822,False,none
TXN0002494,False,none
TXN0009259,False,none
TXN0001287,False,none
TXN0009553,False,none
TXN0004359,False,none
TXN0000816,False,none
TXN0008232,False,none
TXN0007615,False,none
TXN0011232,False,none
TXN0011670,False,none
TXN0005589,False,none
TXN0004678,False,none
TXN0011783,False,none
TXN0004247,False,none
TXN0004544,False,none
TXN0007714,False,none
TXN0001045,False,none
TXN0004019,False,none
TXN0004931,False,none
TXN0008240,False,none
TXN0008325,False,none
TXN0010527,False,none
TXN0008318,False,none
TXN0005703,False,none
TXN0006119,False,none
TXN0006239,False,none
TXN0003273,False,none
TXN0006874,False,none
TXN0004182,False,none
TXN0011887,False,none
TXN0006650,False,none
TXN0005141,False,none
TXN0011118,False,none
TXN0001344,False,none
TXN0001399,False,none
TXN0000060,False,none
TXN0011354,False,none
TXN0005175,False,none
TXN0009806,False,none
TXN0010746,False,none
TXN0006033,False,none
TXN0008122,False,none
TXN0002983,False,none
TXN0002254,False,none
TXN0002820,False,none
TXN0004902,False,none
TXN0001602,False,none
TXN0003414,False,none
TXN0005625,False,none
TXN0009901,False,none
TXN0003306,False,none
TXN0005951,False,none
TXN0006958,False,none
TXN0008656,False,none
TXN0009155,False,none
TXN0008161,False,none
TXN0009595,False,none
TXN0009114,False,none
TXN0005240,False,none
TXN0008227,False,none
TXN0006939,False,none
TXN0005649,False,none
TXN0000308,False,none
TXN0003355,False,none
TXN0008177,False,none
TXN0002902,False,none
TXN0004016,False,none
TXN0012039,True,velocity
TXN0002452,False,none
TXN0005292,False,none
TXN0008307,False,none
TXN0006241,False,none
TXN0009189,False,none
TXN0001011,False,none
TXN0006393,False,none
TXN0001109,False,none
TXN0003354,False,none
TXN0008263,False,none
TXN0005481,False,none
TXN0007570,False,none
TXN0002975,False,none
TXN0009317,False,none
TXN0002964,False,none
TXN0005057,False,none
TXN0002778,False,none
TXN0006883,False,none
TXN0006689,False,none
TXN0005910,False,none
TXN0006284,False,none
TXN0002424,False,none
TXN0009946,False,none
TXN0002635,False,none
TXN0001094,False,none
TXN0011702,False,none
TXN0002646,False,none
TXN0008012,False,none
TXN0001222,False,none
TXN0000088,False,none
TXN0006736,False,none
TXN0005229,False,none
TXN0000496,False,none
TXN0005433,False,none
TXN0011676,False,none
TXN0002592,False,none
TXN0002415,False,none
TXN0010232,False,none
TXN0008660,False,none
TXN0006618,False,none
TXN0010462,False,none
TXN0003803,False,none
TXN0000966,False,none
TXN0011272,False,none
TXN0000398,False,none
TXN0001077,False,none
TXN0003315,False,none
TXN0007274,False,none
TXN0007010,False,none
TXN0008200,False,none
TXN0005321,False,none
TXN0011536,False,none
TXN0001645,False,none
TXN0001622,False,none
TXN0000329,False,none
TXN0000497,False,none
TXN0003859,False,none
TXN0003154,False,none
TXN0003667,False,none
TXN0007878,False,none
TXN0000031,False,none
TXN0004724,False,none
TXN0007053,False,none
TXN0004608,False,none
TXN0002774,False,none
TXN0011089,False,none
TXN0006802,False,none
TXN0003947,False,none
TXN0010103,False,none
TXN0008635,False,none
TXN0004188,False,none
TXN0005738,False,none
TXN0006935,False,none
TXN0000440,False,none
TXN0008710,False,none
TXN0001213,False,none
TXN0005266,False,none
TXN0009204,False,none
TXN0003665,False,none
TXN0001099,False,none
TXN0002654,False,none
TXN0002157,False,none
TXN0008950,False,none
TXN0009219,False,none
TXN0012158,False,lookalike_legit
TXN0003160,False,none
TXN0003051,False,none
TXN0006933,False,none
TXN0004432,False,none
TXN0005601,False,none
TXN0010330,False,none
TXN0011861,False,none
TXN0004110,False,none
TXN0004096,False,none
TXN0008704,False,none
TXN0000682,False,none
TXN0011194,False,none
TXN0003858,False,none
TXN0008978,False,none
TXN0002904,False,none
TXN0002347,False,none
TXN0011175,False,none
TXN0011866,False,none
TXN0011651,False,none
TXN0003294,False,none
TXN0002240,False,none
TXN0011069,False,none
TXN0003291,False,none
TXN0008015,False,none
TXN0009252,False,none
TXN0001186,False,none
TXN0000311,False,none
TXN0004107,False,none
TXN0001614,False,none
TXN0011757,False,none
TXN0011709,False,none
TXN0001377,False,none
TXN0006173,False,none
TXN0006612,False,none
TXN0004677,False,none
TXN0005937,False,none
TXN0012105,False,lookalike_legit
TXN0003778,False,none
TXN0009840,False,none
TXN0004130,False,none
TXN0001637,False,none
TXN0006008,False,none
TXN0004203,False,none
TXN0006713,False,none
TXN0003079,False,none
TXN0006847,False,none
TXN0004528,False,none
TXN0009729,False,none
TXN0007555,False,none
TXN0009862,False,none
TXN0005056,False,none
TXN0005016,False,none
TXN0005034,False,none
TXN0002100,False,none
TXN0003353,False,none
TXN0000184,False,none
TXN0005048,False,none
TXN0002457,False,none
TXN0007665,False,none
TXN0011543,False,none
TXN0007540,False,none
TXN0010410,False,none
TXN0001217,False,none
TXN0000865,False,none
TXN0001975,False,none
TXN0003799,False,none
TXN0001886,False,none
TXN0005480,False,none
TXN0003782,False,none
TXN0012137,False,lookalike_legit
TXN0011971,True,structuring
TXN0006699,False,none
TXN0006433,False,none
TXN0004075,False,none
TXN0002936,False,none
TXN0005042,False,none
TXN0009009,False,none
TXN0009154,False,none
TXN0007908,False,none
TXN0010781,False,none
TXN0005079,False,none
TXN0008492,False,none
TXN0000261,False,none
TXN0003312,False,none
TXN0007068,False,none
TXN0001366,False,none
TXN0000186,False,none
TXN0007593,False,none
TXN0010226,False,none
TXN0010771,False,none
TXN0012132,False,lookalike_legit
TXN0010418,False,none
TXN0002318,False,none
TXN0007656,False,none
TXN0003346,False,none
TXN0004890,False,none
TXN0009313,False,none
TXN0000840,False,none
TXN0010448,False,none
TXN0008545,False,none
TXN0007164,False,none
TXN0011789,False,none
TXN0000747,False,none
TXN0009050,False,none
TXN0001554,False,none
TXN0009884,False,none
TXN0001967,False,none
TXN0008472,False,none
TXN0011383,False,none
TXN0008782,False,none
TXN0003100,False,none
TXN0001790,False,none
TXN0007453,False,none
TXN0010770,False,none
TXN0009034,False,none
TXN0003659,False,none
TXN0003514,False,none
TXN0011532,False,none
TXN0009125,False,none
TXN0010765,False,none
TXN0010188,False,none
TXN0011419,False,none
TXN0007442,False,none
TXN0001353,False,none
TXN0002843,False,none
TXN0003636,False,none
TXN0004741,False,none
TXN0009247,False,none
TXN0005656,False,none
TXN0008555,False,none
TXN0009091,False,none
TXN0005582,False,none
TXN0005484,False,none
TXN0000474,False,none
TXN0010896,False,none
TXN0009268,False,none
TXN0002412,False,none
TXN0004334,False,none
TXN0007706,False,none
TXN0005049,False,none
TXN0004140,False,none
TXN0003617,False,none
TXN0008106,False,none
TXN0011107,False,none
TXN0002190,False,none
TXN0000806,False,none
TXN0010460,False,none
TXN0010673,False,none
TXN0011507,False,none
TXN0011754,False,none
TXN0002433,False,none
TXN0005620,False,none
TXN0004688,False,none
TXN0003791,False,none
TXN0003672,False,none
TXN0008566,False,none
TXN0008847,False,none
TXN0004934,False,none
TXN0005930,False,none
TXN0006210,False,none
TXN0001544,False,none
TXN0009611,False,none
TXN0004664,False,none
TXN0007340,False,none
TXN0009132,False,none
TXN0009555,False,none
TXN0011635,False,none
TXN0009249,False,none
TXN0003327,False,none
TXN0004234,False,none
TXN0008223,False,none
TXN0001447,False,none
TXN0000828,False,none
TXN0006908,False,none
TXN0002895,False,none
TXN0003185,False,none
TXN0010694,False,none
TXN0003359,False,none
TXN0000505,False,none
TXN0001488,False,none
TXN0004977,False,none
TXN0010034,False,none
TXN0005968,False,none
TXN0003040,False,none
TXN0006345,False,none
TXN0003547,False,none
TXN0000168,False,none
TXN0007326,False,none
TXN0011856,False,none
TXN0001899,False,none
TXN0000259,False,none
TXN0003400,False,none
TXN0006378,False,none
TXN0006642,False,none
TXN0001776,False,none
TXN0011978,True,structuring
TXN0008335,False,none
TXN0004266,False,none
TXN0007519,False,none
TXN0002595,False,none
TXN0010008,False,none
TXN0003990,False,none
TXN0001199,False,none
TXN0005899,False,none
TXN0002962,False,none
TXN0005356,False,none
TXN0006421,False,none
TXN0005611,False,none
TXN0011668,False,none
TXN0012079,True,high_risk_geo
TXN0006186,False,none
TXN0002687,False,none
TXN0005538,False,none
TXN0003995,False,none
TXN0001766,False,none
TXN0009590,False,none
TXN0008786,False,none
TXN0009841,False,none
TXN0005675,False,none
TXN0003442,False,none
TXN0002760,False,none
TXN0009279,False,none
TXN0002933,False,none
TXN0012054,True,velocity
TXN0000553,False,none
TXN0001285,False,none
TXN0007740,False,none
TXN0000710,False,none
TXN0010140,False,none
TXN0008082,False,none
TXN0005159,False,none
TXN0005060,False,none
TXN0003287,False,none
TXN0001492,False,none
TXN0010507,False,none
TXN0002379,False,none
TXN0009183,False,none
TXN0005996,False,none
TXN0006170,False,none
TXN0002373,False,none
TXN0003520,False,none
TXN0010132,False,none
TXN0009950,False,none
TXN0008785,False,none
TXN0007884,False,none
TXN0001724,False,none
TXN0001393,False,none
TXN0007286,False,none
TXN0009765,False,none
TXN0006005,False,none
TXN0011499,False,none
TXN0003988,False,none
TXN0003018,False,none
TXN0002142,False,none
TXN0005906,False,none
TXN0009151,False,none
TXN0005666,False,none
TXN0001015,False,none
TXN0008790,False,none
TXN0005245,False,none
TXN0002912,False,none
TXN0010512,False,none
TXN0004675,False,none
TXN0010447,False,none
TXN0009630,False,none
TXN0005415,False,none
TXN0003948,False,none
TXN0010018,False,none
TXN0004893,False,none
TXN0002274,False,none
TXN0007257,False,none
TXN0008746,False,none
TXN0010949,False,none
TXN0005946,False,none
TXN0000495,False,none
TXN0008109,False,none
TXN0008231,False,none
TXN0004984,False,none
TXN0010806,False,none
TXN0012008,True,velocity
TXN0005450,False,none
TXN0003634,False,none
TXN0008119,False,none
TXN0000558,False,none
TXN0001849,False,none
TXN0010249,False,none
TXN0006804,False,none
TXN0002788,False,none
TXN0003325,False,none
TXN0007031,False,none
TXN0006389,False,none
TXN0007371,False,none
TXN0002341,False,none
TXN0005063,False,none
TXN0008903,False,none
TXN0007830,False,none
TXN0000013,False,none
TXN0010044,False,none
TXN0005766,False,none
TXN0003041,False,none
TXN0007219,False,none
TXN0010024,False,none
TXN0001762,False,none
TXN0001125,False,none
TXN0000532,False,none
TXN0000192,False,none
TXN0008539,False,none
TXN0011585,False,none
TXN0009805,False,none
TXN0011420,False,none
TXN0008678,False,none
TXN0006177,False,none
TXN0006184,False,none
TXN0006548,False,none
TXN0001379,False,none
TXN0010697,False,none
TXN0005662,False,none
TXN0002981,False,none
TXN0009651,False,none
TXN0006257,False,none
TXN0007057,False,none
TXN0000320,False,none
TXN0002189,False,none
TXN0007986,False,none
TXN0008337,False,none
TXN0010143,False,none
TXN0002734,False,none
TXN0007691,False,none
TXN0003903,False,none
TXN0002423,False,none
TXN0011738,False,none
TXN0010381,False,none
TXN0012014,True,velocity
TXN0003173,False,none
TXN0001584,False,none
TXN0000782,False,none
TXN0010339,False,none
TXN0007226,False,none
TXN0009740,False,none
TXN0002812,False,none
TXN0003165,False,none
TXN0001286,False,none
TXN0010778,False,none
TXN0003941,False,none
TXN0010104,False,none
TXN0002772,False,none
TXN0010175,False,none
TXN0001171,False,none
TXN0009350,False,none
TXN0000293,False,none
TXN0010038,False,none
TXN0002461,False,none
TXN0006755,False,none
TXN0004939,False,none
TXN0006991,False,none
TXN0006887,False,none
TXN0007451,False,none
TXN0008207,False,none
TXN0010925,False,none
TXN0003271,False,none
TXN0008647,False,none
TXN0012033,True,velocity
TXN0003500,False,none
TXN0002257,False,none
TXN0004875,False,none
TXN0000731,False,none
TXN0001953,False,none
TXN0004159,False,none
TXN0000774,False,none
TXN0004555,False,none
TXN0010035,False,none
TXN0008756,False,none
TXN0009211,False,none
TXN0010478,False,none
TXN0006799,False,none
TXN0008873,False,none
TXN0005267,False,none
TXN0008927,False,none
TXN0008488,False,none
TXN0000376,False,none
TXN0008438,False,none
TXN0011229,False,none
TXN0010861,False,none
TXN0000750,False,none
TXN0001661,False,none
TXN0004349,False,none
TXN0009576,False,none
TXN0009266,False,none
TXN0010046,False,none
TXN0011662,False,none
TXN0000741,False,none
TXN0001467,False,none
TXN0001417,False,none
TXN0003618,False,none
TXN0009788,False,none
TXN0009677,False,none
TXN0005585,False,none
TXN0008404,False,none
TXN0004215,False,none
TXN0006245,False,none
TXN0011859,False,none
TXN0009939,False,none
TXN0011467,False,none
TXN0010427,False,none
TXN0008447,False,none
TXN0002171,False,none
TXN0008912,False,none
TXN0010717,False,none
TXN0011725,False,none
TXN0010910,False,none
TXN0011490,False,none
TXN0009473,False,none
TXN0010257,False,none
TXN0011739,False,none
TXN0005423,False,none
TXN0008526,False,none
TXN0011086,False,none
TXN0000448,False,none
TXN0004451,False,none
TXN0011541,False,none
TXN0005257,False,none
TXN0003958,False,none
TXN0005610,False,none
TXN0005586,False,none
TXN0011124,False,none
TXN0010336,False,none
TXN0006825,False,none
TXN0003089,False,none
TXN0010205,False,none
TXN0007254,False,none
TXN0011899,False,none
TXN0001392,False,none
TXN0001756,False,none
TXN0007273,False,none
TXN0007898,False,none
TXN0006109,False,none
TXN0009436,False,none
TXN0000809,False,none
TXN0001397,False,none
TXN0011372,False,none
TXN0007620,False,none
TXN0001123,False,none
TXN0003679,False,none
TXN0010803,False,none
TXN0002930,False,none
TXN0006749,False,none
TXN0003112,False,none
TXN0005747,False,none
TXN0006004,False,none
TXN0010150,False,none
TXN0008210,False,none
TXN0000328,False,none
TXN0004612,False,none
TXN0007971,False,none
TXN0010216,False,none
TXN0003059,False,none
TXN0008342,False,none
TXN0003578,False,none
TXN0002138,False,none
TXN0007944,False,none
TXN0009703,False,none
TXN0003309,False,none
TXN0011762,False,none
TXN0008352,False,none
TXN0004768,False,none
TXN0009072,False,none
TXN0002715,False,none
TXN0005862,False,none
TXN0000317,False,none
TXN0003933,False,none
TXN0002709,False,none
TXN0001210,False,none
TXN0002655,False,none
TXN0002775,False,none
TXN0011623,False,none
TXN0002960,False,none
TXN0007834,False,none
TXN0009712,False,none
TXN0005213,False,none
TXN0009683,False,none
TXN0006946,False,none
TXN0007463,False,none
TXN0001257,False,none
TXN0010029,False,none
TXN0000001,False,none
TXN0006716,False,none
TXN0007872,False,none
TXN0009073,False,none
TXN0012116,False,lookalike_legit
TXN0000758,False,none
TXN0000126,False,none
TXN0011227,False,none
TXN0009849,False,none
TXN0001404,False,none
TXN0007874,False,none
TXN0000720,False,none
TXN0010028,False,none
TXN0002375,False,none
TXN0007022,False,none
TXN0010442,False,none
TXN0003224,False,none
TXN0000905,False,none
TXN0005217,False,none
TXN0006581,False,none
TXN0001568,False,none
TXN0010338,False,none
TXN0009066,False,none
TXN0006972,False,none
TXN0008018,False,none
TXN0010126,False,none
TXN0010347,False,none
TXN0004849,False,none
TXN0009293,False,none
TXN0005518,False,none
TXN0011566,False,none
TXN0009442,False,none
TXN0002333,False,none
TXN0000643,False,none
TXN0011902,False,none
TXN0003199,False,none
TXN0004407,False,none
TXN0010147,False,none
TXN0005434,False,none
TXN0002995,False,none
TXN0007149,False,none
TXN0002048,False,none
TXN0010712,False,none
TXN0012070,True,high_risk_geo
TXN0005909,False,none
TXN0000465,False,none
TXN0002179,False,none
TXN0008484,False,none
TXN0006696,False,none
TXN0001763,False,none
TXN0004991,False,none
TXN0010129,False,none
TXN0009446,False,none
TXN0003494,False,none
TXN0006574,False,none
TXN0001689,False,none
TXN0009445,False,none
TXN0011537,False,none
TXN0008497,False,none
TXN0006528,False,none
TXN0005271,False,none
TXN0003308,False,none
TXN0000897,False,none
TXN0002143,False,none
TXN0008737,False,none
TXN0005924,False,none
TXN0001757,False,none
TXN0004278,False,none
TXN0004717,False,none
TXN0003959,False,none
TXN0004547,False,none
TXN0000975,False,none
TXN0007066,False,none
TXN0010980,False,none
TXN0001153,False,none
TXN0008818,False,none
TXN0008652,False,none
TXN0002837,False,none
TXN0003829,False,none
TXN0007104,False,none
TXN0003372,False,none
TXN0009348,False,none
TXN0008476,False,none
TXN0004673,False,none
TXN0010922,False,none
TXN0011065,False,none
TXN0006549,False,none
TXN0004163,False,none
TXN0006627,False,none
TXN0009076,False,none
TXN0004759,False,none
TXN0004422,False,none
TXN0006855,False,none
TXN0011423,False,none
TXN0005602,False,none
TXN0002990,False,none
TXN0005335,False,none
TXN0003818,False,none
TXN0010060,False,none
TXN0002337,False,none
TXN0004958,False,none
TXN0008067,False,none
TXN0005218,False,none
TXN0003697,False,none
TXN0011907,False,none
TXN0002392,False,none
TXN0003182,False,none
TXN0000402,False,none
TXN0003629,False,none
TXN0004986,False,none
TXN0010042,False,none
TXN0004406,False,none
TXN0000630,False,none
TXN0007954,False,none
TXN0003021,False,none
TXN0002104,False,none
TXN0001610,False,none
TXN0004790,False,none
TXN0010618,False,none
TXN0004073,False,none
TXN0004606,False,none
TXN0007032,False,none
TXN0010914,False,none
TXN0006181,False,none
TXN0011817,False,none
TXN0007407,False,none
TXN0000543,False,none
TXN0011523,False,none
TXN0000116,False,none
TXN0002049,False,none
TXN0000380,False,none
TXN0005492,False,none
TXN0006131,False,none
TXN0009953,False,none
TXN0000416,False,none
TXN0001047,False,none
TXN0004926,False,none
TXN0000171,False,none
TXN0009275,False,none
TXN0009845,False,none
TXN0001020,False,none
TXN0003276,False,none
TXN0006287,False,none
TXN0005443,False,none
TXN0001151,False,none
TXN0010633,False,none
TXN0006049,False,none
TXN0005499,False,none
TXN0010832,False,none
TXN0002947,False,none
TXN0008554,False,none
TXN0007060,False,none
TXN0006907,False,none
TXN0008030,False,none
TXN0011293,False,none
TXN0005303,False,none
TXN0000277,False,none
TXN0001740,False,none
TXN0001552,False,none
TXN0007324,False,none
TXN0003130,False,none
TXN0011648,False,none
TXN0007643,False,none
TXN0002404,False,none
TXN0009639,False,none
TXN0011823,False,none
TXN0010659,False,none
TXN0005155,False,none
TXN0009206,False,none
TXN0010015,False,none
TXN0010294,False,none
TXN0005796,False,none
TXN0007836,False,none
TXN0002340,False,none
TXN0010972,False,none
TXN0008287,False,none
TXN0012139,False,lookalike_legit
TXN0003512,False,none
TXN0005752,False,none
TXN0010346,False,none
TXN0001784,False,none
TXN0000705,False,none
TXN0006757,False,none
TXN0008777,False,none
TXN0011161,False,none
TXN0010473,False,none
TXN0003847,False,none
TXN0001499,False,none
TXN0004462,False,none
TXN0000668,False,none
TXN0009702,False,none
TXN0009239,False,none
TXN0009459,False,none
TXN0005808,False,none
TXN0006846,False,none
TXN0009786,False,none
TXN0000121,False,none
TXN0010544,False,none
TXN0001248,False,none
TXN0012119,False,lookalike_legit
TXN0006367,False,none
TXN0011514,False,none
TXN0001820,False,none
TXN0007544,False,none
TXN0011501,False,none
TXN0007805,False,none
TXN0007531,False,none
TXN0004366,False,none
TXN0007828,False,none
TXN0005009,False,none
TXN0003499,False,none
TXN0009583,False,none
TXN0010688,False,none
TXN0003300,False,none
TXN0005834,False,none
TXN0002636,False,none
TXN0007513,False,none
TXN0002891,False,none
TXN0003545,False,none
TXN0004918,False,none
TXN0003181,False,none
TXN0008010,False,none
TXN0000550,False,none
TXN0003535,False,none
TXN0008891,False,none
TXN0002648,False,none
TXN0003374,False,none
TXN0008535,False,none
TXN0009853,False,none
TXN0002847,False,none
TXN0008561,False,none
TXN0003767,False,none
TXN0001273,False,none
TXN0006929,False,none
TXN0006740,False,none
TXN0010185,False,none
TXN0001013,False,none
TXN0000054,False,none
TXN0009538,False,none
TXN0009326,False,none
TXN0003946,False,none
TXN0011530,False,none
TXN0011083,False,none
TXN0001105,False,none
TXN0006726,False,none
TXN0003604,False,none
TXN0001062,False,none
TXN0002397,False,none
TXN0005690,False,none
TXN0000991,False,none
TXN0011147,False,none
TXN0009856,False,none
TXN0003928,False,none
TXN0007550,False,none
TXN0009370,False,none
TXN0001529,False,none
TXN0004614,False,none
TXN0010006,False,none
TXN0011562,False,none
TXN0005997,False,none
TXN0005294,False,none
TXN0011281,False,none
TXN0011661,False,none
TXN0000955,False,none
TXN0000207,False,none
TXN0006348,False,none
TXN0003338,False,none
TXN0011937,False,none
TXN0008298,False,none
TXN0010499,False,none
TXN0002228,False,none
TXN0005788,False,none
TXN0006436,False,none
TXN0008821,False,none
TXN0004646,False,none
TXN0006646,False,none
TXN0003594,False,none
TXN0002094,False,none
TXN0009858,False,none
TXN0003868,False,none
TXN0010414,False,none
TXN0006359,False,none
TXN0010967,False,none
TXN0001565,False,none
TXN0004963,False,none
TXN0000771,False,none
TXN0010179,False,none
TXN0005112,False,none
TXN0005571,False,none
TXN0000006,False,none
TXN0001269,False,none
TXN0002884,False,none
TXN0000810,False,none
TXN0006362,False,none
TXN0002568,False,none
TXN0002146,False,none
TXN0004257,False,none
TXN0004822,False,none
TXN0000984,False,none
TXN0011115,False,none
TXN0010745,False,none
TXN0006226,False,none
TXN0009196,False,none
TXN0000174,False,none
TXN0004981,False,none
TXN0005641,False,none
TXN0007973,False,none
TXN0005503,False,none
TXN0001107,False,none
TXN0005818,False,none
TXN0012011,True,velocity
TXN0002492,False,none
TXN0009584,False,none
TXN0007036,False,none
TXN0009691,False,none
TXN0002319,False,none
TXN0011745,False,none
TXN0009816,False,none
TXN0006342,False,none
TXN0012055,True,velocity
TXN0010598,False,none
TXN0009701,False,none
TXN0006704,False,none
TXN0010767,False,none
TXN0004971,False,none
TXN0010635,False,none
TXN0004605,False,none
TXN0002810,False,none
TXN0009223,False,none
TXN0007159,False,none
TXN0002624,False,none
TXN0006376,False,none
TXN0008180,False,none
TXN0000238,False,none
TXN0011301,False,none
TXN0004180,False,none
TXN0010452,False,none
TXN0001119,False,none
TXN0009004,False,none
TXN0004582,False,none
TXN0006065,False,none
TXN0008975,False,none
TXN0002448,False,none
TXN0005827,False,none
TXN0001699,False,none
TXN0005935,False,none
TXN0000050,False,none
TXN0007272,False,none
TXN0011020,False,none
TXN0000892,False,none
TXN0009825,False,none
TXN0004752,False,none
TXN0011689,False,none
TXN0009133,False,none
TXN0009280,False,none
TXN0006372,False,none
TXN0010067,False,none
TXN0003884,False,none
TXN0001880,False,none
TXN0011644,False,none
TXN0002127,False,none
TXN0008004,False,none
TXN0007842,False,none
TXN0000992,False,none
TXN0008275,False,none
TXN0009124,False,none
TXN0011771,False,none
TXN0009261,False,none
TXN0009954,False,none
TXN0008025,False,none
TXN0007962,False,none
TXN0003266,False,none
TXN0011250,False,none
TXN0006479,False,none
TXN0006434,False,none
TXN0008755,False,none
TXN0003623,False,none
TXN0003841,False,none
TXN0010627,False,none
TXN0011320,False,none
TXN0002657,False,none
TXN0004449,False,none
TXN0011050,False,none
TXN0009936,False,none
TXN0012028,True,velocity
TXN0010424,False,none
TXN0004719,False,none
TXN0006762,False,none
TXN0001611,False,none
TXN0001704,False,none
TXN0008420,False,none
TXN0010437,False,none
TXN0008706,False,none
TXN0002370,False,none
TXN0000204,False,none
TXN0007384,False,none
TXN0009053,False,none
TXN0007511,False,none
TXN0008381,False,none
TXN0008953,False,none
TXN0002832,False,none
TXN0007251,False,none
TXN0000443,False,none
TXN0007991,False,none
TXN0009811,False,none
TXN0003341,False,none
TXN0005849,False,none
TXN0002863,False,none
TXN0000123,False,none
TXN0004377,False,none
TXN0003790,False,none
TXN0004098,False,none
TXN0005776,False,none
TXN0002557,False,none
TXN0002390,False,none
TXN0002453,False,none
TXN0008916,False,none
TXN0001736,False,none
TXN0010693,False,none
TXN0008972,False,none
TXN0000426,False,none
TXN0000604,False,none
TXN0003261,False,none
TXN0004956,False,none
TXN0005692,False,none
TXN0011388,False,none
TXN0000360,False,none
TXN0011298,False,none
TXN0008386,False,none
TXN0003433,False,none
TXN0010613,False,none
TXN0006473,False,none
TXN0005222,False,none
TXN0004722,False,none
TXN0007535,False,none
TXN0011821,False,none
TXN0010696,False,none
TXN0001035,False,none
TXN0004695,False,none
TXN0003651,False,none
TXN0011954,False,none
TXN0011546,False,none
TXN0006620,False,none
TXN0004536,False,none
TXN0006220,False,none
TXN0004008,False,none
TXN0003317,False,none
TXN0009246,False,none
TXN0003034,False,none
TXN0002167,False,none
TXN0003752,False,none
TXN0007306,False,none
TXN0011465,False,none
TXN0007496,False,none
TXN0011430,False,none
TXN0008542,False,none
TXN0004603,False,none
TXN0007432,False,none
TXN0004250,False,none
TXN0006343,False,none
TXN0002326,False,none
TXN0002857,False,none
TXN0009940,False,none
TXN0005041,False,none
TXN0002327,False,none
TXN0007541,False,none
TXN0008609,False,none
TXN0009523,False,none
TXN0006393,False,none
TXN0004029,False,none
TXN0000859,False,none
TXN0005329,False,none
TXN0005298,False,none
TXN0008485,False,none
TXN0006267,False,none
TXN0010430,False,none
TXN0009938,False,none
TXN0006956,False,none
TXN0001633,False,none
TXN0008477,False,none
TXN0007015,False,none
TXN0005812,False,none
TXN0001546,False,none
TXN0009755,False,none
TXN0010053,False,none
TXN0006863,False,none
TXN0000850,False,none
TXN0010398,False,none
TXN0006599,False,none
TXN0010332,False,none
TXN0006110,False,none
TXN0001057,False,none
TXN0005150,False,none
TXN0004326,False,none
TXN0004577,False,none
TXN0009443,False,none
TXN0009041,False,none
TXN0009195,False,none
TXN0011195,False,none
TXN0006619,False,none
TXN0009043,False,none
TXN0008442,False,none
TXN0005737,False,none
TXN0009719,False,none
TXN0007337,False,none
TXN0008300,False,none
TXN0007101,False,none
TXN0004302,False,none
TXN0001853,False,none
TXN0001585,False,none
TXN0002722,False,none
TXN0000948,False,none
TXN0002968,False,none
TXN0000302,False,none
TXN0011847,False,none
TXN0004288,False,none
TXN0008731,False,none
TXN0011113,False,none
TXN0005029,False,none
TXN0006225,False,none
TXN0010817,False,none
TXN0001021,False,none
TXN0005954,False,none
TXN0007727,False,none
TXN0006924,False,none
TXN0008228,False,none
TXN0006843,False,none
TXN0001225,False,none
TXN0006243,False,none
TXN0011392,False,none
TXN0009833,False,none
TXN0008419,False,none
TXN0011632,False,none
TXN0002822,False,none
TXN0005483,False,none
TXN0004189,False,none
TXN0011603,False,none
TXN0004433,False,none
TXN0006120,False,none
TXN0008939,False,none
TXN0010074,False,none
TXN0009256,False,none
TXN0003215,False,none
TXN0000288,False,none
TXN0007580,False,none
TXN0001402,False,none
TXN0005305,False,none
TXN0008765,False,none
TXN0003822,False,none
TXN0007138,False,none
TXN0006486,False,none
TXN0005624,False,none
TXN0010242,False,none
TXN0000020,False,none
TXN0002014,False,none
TXN0011178,False,none
TXN0003682,False,none
TXN0005702,False,none
TXN0004245,False,none
TXN0002281,False,none
TXN0008914,False,none
TXN0002522,False,none
TXN0001606,False,none
TXN0009539,False,none
TXN0005167,False,none
TXN0001131,False,none
TXN0001333,False,none
TXN0002233,False,none
TXN0005462,False,none
TXN0010319,False,none
TXN0010189,False,none
TXN0005239,False,none
TXN0003086,False,none
TXN0010997,False,none
TXN0010762,False,none
TXN0010085,False,none
TXN0003098,False,none
TXN0007051,False,none
TXN0007385,False,none
TXN0006534,False,none
TXN0010438,False,none
TXN0011617,False,none
TXN0002156,False,none
TXN0009139,False,none
TXN0008024,False,none
TXN0002855,False,none
TXN0000471,False,none
TXN0002349,False,none
TXN0008491,False,none
TXN0006840,False,none
TXN0007300,False,none
TXN0011006,False,none
TXN0008150,False,none
TXN0007649,False,none
TXN0001861,False,none
TXN0000149,False,none
TXN0009919,False,none
TXN0003092,False,none
TXN0003727,False,none
TXN0009830,False,none
TXN0010109,False,none
TXN0006711,False,none
TXN0009422,False,none
TXN0001361,False,none
TXN0007848,False,none
TXN0000199,False,none
TXN0011308,False,none
TXN0001785,False,none
TXN0011584,False,none
TXN0001520,False,none
TXN0001598,False,none
TXN0003963,False,none
TXN0006766,False,none
TXN0004476,False,none
TXN0004477,False,none
TXN0007644,False,none
TXN0010065,False,none
TXN0009502,False,none
TXN0006260,False,none
TXN0009609,False,none
TXN0010681,False,none
TXN0007820,False,none
TXN0004530,False,none
TXN0010386,False,none
TXN0007402,False,none
TXN0011119,False,none
TXN0009276,False,none
TXN0001124,False,none
TXN0003608,False,none
TXN0010108,False,none
TXN0007490,False,none
TXN0011093,False,none
TXN0003286,False,none
TXN0000361,False,none
TXN0007930,False,none
TXN0004941,False,none
TXN0008400,False,none
TXN0007921,False,none
TXN0011908,False,none
TXN0010831,False,none
TXN0001434,False,none
TXN0011525,False,none
TXN0005404,False,none
TXN0011630,False,none
TXN0002429,False,none
TXN0004751,False,none
TXN0008739,False,none
TXN0004841,False,none
TXN0001909,False,none
TXN0003972,False,none
TXN0003443,False,none
TXN0005224,False,none
TXN0006480,False,none
TXN0010966,False,none
TXN0002204,False,none
TXN0002838,False,none
TXN0010638,False,none
TXN0009204,False,none
TXN0007091,False,none
TXN0006503,False,none
TXN0006489,False,none
TXN0004161,False,none
TXN0011339,False,none
TXN0003068,False,none
TXN0010301,False,none
TXN0001789,False,none
TXN0001446,False,none
TXN0008052,False,none
TXN0006032,False,none
TXN0011894,False,none
TXN0008066,False,none
TXN0002245,False,none
TXN0004496,False,none
TXN0003763,False,none
TXN0012003,True,velocity
TXN0007659,False,none
TXN0010235,False,none
TXN0011599,False,none
TXN0003156,False,none
TXN0004713,False,none
TXN0011818,False,none
TXN0001872,False,none
TXN0008804,False,none
TXN0001235,False,none
TXN0002925,False,none
TXN0000842,False,none
TXN0007937,False,none
TXN0010259,False,none
TXN0011893,False,none
TXN0004255,False,none
TXN0011002,False,none
TXN0007572,False,none
TXN0002484,False,none
TXN0011373,False,none
TXN0007065,False,none
TXN0003087,False,none
TXN0011914,False,none
TXN0004567,False,none
TXN0004471,False,none
TXN0008991,False,none
TXN0008926,False,none
TXN0011953,False,none
TXN0008183,False,none
TXN0005721,False,none
TXN0004689,False,none
TXN0005940,False,none
TXN0003135,False,none
TXN0007661,False,none
TXN0001455,False,none
TXN0000011,False,none
TXN0008984,False,none
TXN0000564,False,none
TXN0007410,False,none
TXN0007734,False,none
TXN0009899,False,none
TXN0003559,False,none
TXN0002405,False,none
TXN0002047,False,none
TXN0009878,False,none
TXN0007331,False,none
TXN0001343,False,none
TXN0002074,False,none
TXN0006122,False,none
TXN0000953,False,none
TXN0008102,False,none
TXN0010759,False,none
TXN0011416,False,none
TXN0004648,False,none
TXN0007303,False,none
TXN0003511,False,none
TXN0008390,False,none
TXN0008802,False,none
TXN0011719,False,none
TXN0005209,False,none
TXN0002602,False,none
TXN0011200,False,none
TXN0010082,False,none
TXN0008792,False,none
TXN0011509,False,none
TXN0000607,False,none
TXN0002073,False,none
TXN0011306,False,none
TXN0007767,False,none
TXN0011529,False,none
TXN0008523,False,none
TXN0010333,False,none
TXN0008525,False,none
TXN0002166,False,none
TXN0011144,False,none
TXN0001772,False,none
TXN0004627,False,none
TXN0004725,False,none
TXN0002218,False,none
TXN0001608,False,none
TXN0005914,False,none
TXN0010479,False,none
TXN0002232,False,none
TXN0009173,False,none
TXN0007318,False,none
TXN0011460,False,none
TXN0011963,True,structuring
TXN0005466,False,none
TXN0007443,False,none
TXN0003821,False,none
TXN0006126,False,none
TXN0000802,False,none
TXN0009298,False,none
TXN0008835,False,none
TXN0002583,False,none
TXN0001435,False,none
TXN0001092,False,none
TXN0007984,False,none
TXN0009254,False,none
TXN0010288,False,none
TXN0011296,False,none
TXN0001305,False,none
TXN0004389,False,none
TXN0006253,False,none
TXN0012113,False,lookalike_legit
TXN0008439,False,none
TXN0009852,False,none
TXN0002626,False,none
TXN0007201,False,none
TXN0007959,False,none
TXN0006916,False,none
TXN0007422,False,none
TXN0003436,False,none
TXN0008130,False,none
TXN0003426,False,none
TXN0008466,False,none
TXN0000762,False,none
TXN0011001,False,none
TXN0009744,False,none
TXN0002783,False,none
TXN0012024,True,velocity
TXN0002275,False,none
TXN0001601,False,none
TXN0002840,False,none
TXN0005678,False,none
TXN0012032,True,velocity
TXN0001128,False,none
TXN0002172,False,none
TXN0001557,False,none
TXN0008468,False,none
TXN0008967,False,none
TXN0011304,False,none
TXN0004479,False,none
TXN0005730,False,none
TXN0007417,False,none
TXN0006742,False,none
TXN0010350,False,none
TXN0001835,False,none
TXN0008606,False,none
TXN0004879,False,none
TXN0008278,False,none
TXN0010991,False,none
TXN0002866,False,none
TXN0007955,False,none
TXN0003119,False,none
TXN0004791,False,none
TXN0003032,False,none
TXN0007521,False,none
TXN0001531,False,none
TXN0010895,False,none
TXN0006125,False,none
TXN0000600,False,none
TXN0009807,False,none
TXN0003039,False,none
TXN0000094,False,none
TXN0005757,False,none
TXN0002475,False,none
TXN0003076,False,none
TXN0001250,False,none
TXN0009926,False,none
TXN0003094,False,none
TXN0003855,False,none
TXN0000297,False,none
TXN0001815,False,none
TXN0009986,False,none
TXN0000994,False,none
TXN0000309,False,none
TXN0010500,False,none
TXN0010830,False,none
TXN0008463,False,none
TXN0004508,False,none
TXN0002763,False,none
TXN0010370,False,none
TXN0007295,False,none
TXN0004618,False,none
TXN0006435,False,none
TXN0007922,False,none
TXN0001141,False,none
TXN0009302,False,none
TXN0005341,False,none
TXN0006417,False,none
TXN0006444,False,none
TXN0000449,False,none
TXN0007481,False,none
TXN0008271,False,none
TXN0011867,False,none
TXN0006068,False,none
TXN0006314,False,none
TXN0000562,False,none
TXN0001320,False,none
TXN0000139,False,none
TXN0004011,False,none
TXN0006193,False,none
TXN0009870,False,none
TXN0000332,False,none
TXN0008406,False,none
TXN0002984,False,none
TXN0006261,False,none
TXN0005227,False,none
TXN0005639,False,none
TXN0012064,True,velocity
TXN0011355,False,none
TXN0006165,False,none
TXN0005290,False,none
TXN0011071,False,none
TXN0012125,False,lookalike_legit
TXN0006365,False,none
TXN0009301,False,none
TXN0010279,False,none
TXN0011787,False,none
TXN0007494,False,none
TXN0007631,False,none
TXN0007664,False,none
TXN0005878,False,none
TXN0010248,False,none
TXN0011327,False,none
TXN0006746,False,none
TXN0003827,False,none
TXN0002799,False,none
TXN0001087,False,none
TXN0008644,False,none
TXN0009028,False,none
TXN0005006,False,none
TXN0002084,False,none
TXN0005897,False,none
TXN0002910,False,none
TXN0010916,False,none
TXN0003533,False,none
TXN0004438,False,none
TXN0007167,False,none
TXN0006710,False,none
TXN0000348,False,none
TXN0001230,False,none
TXN0001296,False,none
TXN0009400,False,none
TXN0006437,False,none
TXN0005249,False,none
TXN0002260,False,none
TXN0004403,False,none
TXN0012083,True,high_risk_geo
TXN0005017,False,none
TXN0007825,False,none
TXN0002078,False,none
TXN0007584,False,none
TXN0009117,False,none
TXN0005767,False,none
TXN0008964,False,none
TXN0008444,False,none
TXN0008595,False,none
TXN0002045,False,none
TXN0008268,False,none
TXN0004800,False,none
TXN0004710,False,none
TXN0002740,False,none
TXN0009391,False,none
TXN0010822,False,none
TXN0002117,False,none
TXN0009680,False,none
TXN0010854,False,none
TXN0003115,False,none
TXN0007366,False,none
TXN0004439,False,none
TXN0004840,False,none
TXN0008617,False,none
TXN0011004,False,none
TXN0009631,False,none
TXN0012015,True,velocity
TXN0002464,False,none
TXN0004227,False,none
TXN0003965,False,none
TXN0005600,False,none
TXN0004636,False,none
TXN0009159,False,none
TXN0000319,False,none
TXN0005990,False,none
TXN0010604,False,none
TXN0011218,False,none
TXN0003065,False,none
TXN0000822,False,none
TXN0009131,False,none
TXN0011000,False,none
TXN0010320,False,none
TXN0002670,False,none
TXN0000393,False,none
TXN0010383,False,none
TXN0006401,False,none
TXN0005893,False,none
TXN0010412,False,none
TXN0003278,False,none
TXN0008449,False,none
TXN0007668,False,none
TXN0004274,False,none
TXN0002768,False,none
TXN0004517,False,none
TXN0008373,False,none
TXN0006560,False,none
TXN0000797,False,none
TXN0007386,False,none
TXN0010807,False,none
TXN0009540,False,none
TXN0011487,False,none
TXN0003063,False,none
TXN0000519,False,none
TXN0008103,False,none
TXN0002859,False,none
TXN0007071,False,none
TXN0005539,False,none
TXN0008751,False,none
TXN0000362,False,none
TXN0011631,False,none
TXN0011431,False,none
TXN0009288,False,none
TXN0000795,False,none
TXN0009208,False,none
TXN0008100,False,none
TXN0006985,False,none
TXN0007483,False,none
TXN0010069,False,none
TXN0009464,False,none
TXN0003434,False,none
TXN0003753,False,none
TXN0006235,False,none
TXN0004281,False,none
TXN0009753,False,none
TXN0010509,False,none
TXN0002873,False,none
TXN0008864,False,none
TXN0004904,False,none
TXN0002174,False,none
TXN0010290,False,none
TXN0011519,False,none
TXN0001384,False,none
TXN0005307,False,none
TXN0006056,False,none
TXN0007891,False,none
TXN0001749,False,none
TXN0006298,False,none
TXN0000711,False,none
TXN0000841,False,none
TXN0006042,False,none
TXN0000215,False,none
TXN0001059,False,none
TXN0003873,False,none
TXN0006354,False,none
TXN0010312,False,none
TXN0006331,False,none
TXN0005428,False,none
TXN0011010,False,none
TXN0002352,False,none
TXN0003223,False,none
TXN0007871,False,none
TXN0005976,False,none
TXN0008125,False,none
TXN0004430,False,none
TXN0003926,False,none
TXN0005947,False,none
TXN0005859,False,none
TXN0007928,False,none
TXN0004854,False,none
TXN0008059,False,none
TXN0007409,False,none
TXN0011326,False,none
TXN0009906,False,none
TXN0009836,False,none
TXN0011042,False,none
TXN0005073,False,none
TXN0009405,False,none
TXN0007782,False,none
TXN0006552,False,none
TXN0009128,False,none
TXN0004166,False,none
TXN0008890,False,none
TXN0008220,False,none
TXN0004888,False,none
TXN0007372,False,none
TXN0002549,False,none
TXN0005019,False,none
TXN0001759,False,none
TXN0007493,False,none
TXN0011041,False,none
TXN0005151,False,none
TXN0007391,False,none
TXN0000812,False,none
TXN0010201,False,none
TXN0001951,False,none
TXN0002941,False,none
TXN0005088,False,none
TXN0011666,False,none
TXN0008976,False,none
TXN0003284,False,none
TXN0011097,False,none
TXN0008877,False,none
TXN0009074,False,none
TXN0009647,False,none
TXN0011928,False,none
TXN0000124,False,none
TXN0002957,False,none
TXN0011803,False,none
TXN0000240,False,none
TXN0009176,False,none
TXN0000136,False,none
TXN0007796,False,none
TXN0008980,False,none
TXN0009780,False,none
TXN0007802,False,none
TXN0000322,False,none
TXN0008175,False,none
TXN0008720,False,none
TXN0007880,False,none
TXN0003314,False,none
TXN0004686,False,none
TXN0012017,True,velocity
TXN0000203,False,none
TXN0009548,False,none
TXN0007313,False,none
TXN0006857,False,none
TXN0004198,False,none
TXN0009080,False,none
TXN0002607,False,none
TXN0000632,False,none
TXN0009579,False,none
TXN0008630,False,none
TXN0000154,False,none
TXN0011966,True,structuring
TXN0005680,False,none
TXN0005181,False,none
TXN0008410,False,none
TXN0003151,False,none
TXN0010073,False,none
TXN0007961,False,none
TXN0010741,False,none
TXN0011211,False,none
TXN0011180,False,none
TXN0010864,False,none
TXN0007017,False,none
TXN0007098,False,none
TXN0004607,False,none
TXN0001233,False,none
TXN0001118,False,none
TXN0005593,False,none
TXN0002284,False,none
TXN0004071,False,none
TXN0004588,False,none
TXN0000879,False,none
TXN0009467,False,none
TXN0005498,False,none
TXN0009492,False,none
TXN0008848,False,none
TXN0005975,False,none
TXN0004889,False,none
TXN0001082,False,none
TXN0000626,False,none
TXN0006491,False,none
TXN0001925,False,none
TXN0012007,True,velocity
TXN0012157,False,lookalike_legit
TXN0006861,False,none
TXN0008658,False,none
TXN0011565,False,none
TXN0001188,False,none
TXN0006681,False,none
TXN0011335,False,none
TXN0002106,False,none
TXN0002311,False,none
TXN0002351,False,none
TXN0009620,False,none
TXN0008788,False,none
TXN0005961,False,none
TXN0003150,False,none
TXN0012022,True,velocity
TXN0006441,False,none
TXN0007073,False,none
TXN0000684,False,none
TXN0005588,False,none
TXN0000726,False,none
TXN0004138,False,none
TXN0001856,False,none
TXN0011279,False,none
TXN0002814,False,none
TXN0004341,False,none
TXN0002719,False,none
TXN0010839,False,none
TXN0010931,False,none
TXN0001912,False,none
TXN0005176,False,none
TXN0002159,False,none
TXN0008029,False,none
TXN0010611,False,none
TXN0003960,False,none
TXN0004031,False,none
TXN0005800,False,none
TXN0010265,False,none
TXN0002971,False,none
TXN0009649,False,none
TXN0000578,False,none
TXN0003597,False,none
TXN0003627,False,none
TXN0000429,False,none
TXN0005850,False,none
TXN0001143,False,none
TXN0006556,False,none
TXN0006775,False,none
TXN0002576,False,none
TXN0005417,False,none
TXN0000691,False,none
TXN0006216,False,none
TXN0002920,False,none
TXN0005158,False,none
TXN0009707,False,none
TXN0008273,False,none
TXN0011980,True,structuring
TXN0003676,False,none
TXN0006329,False,none
TXN0005575,False,none
TXN0003275,False,none
TXN0002529,False,none
TXN0005700,False,none
TXN0009565,False,none
TXN0007810,False,none
TXN0008940,False,none
TXN0005400,False,none
TXN0005137,False,none
TXN0002532,False,none
TXN0007886,False,none
TXN0009153,False,none
TXN0009199,False,none
TXN0003363,False,none
TXN0007044,False,none
TXN0001733,False,none
TXN0012050,True,velocity
TXN0002194,False,none
TXN0010159,False,none
TXN0007763,False,none
TXN0005514,False,none
TXN0008483,False,none
TXN0006572,False,none
TXN0005032,False,none
TXN0007696,False,none
TXN0009922,False,none
TXN0003980,False,none
TXN0008157,False,none
TXN0009300,False,none
TXN0003159,False,none
TXN0007566,False,none
TXN0002076,False,none
TXN0006748,False,none
TXN0011495,False,none
TXN0005087,False,none
TXN0005219,False,none
TXN0008086,False,none
TXN0003480,False,none
TXN0006141,False,none
TXN0010954,False,none
TXN0005189,False,none
TXN0008297,False,none
TXN0001830,False,none
TXN0003817,False,none
TXN0001221,False,none
TXN0011416,False,none
TXN0003193,False,none
TXN0006513,False,none
TXN0008880,False,none
TXN0007773,False,none
TXN0007605,False,none
TXN0008433,False,none
TXN0001753,False,none
TXN0002387,False,none
TXN0011671,False,none
TXN0009636,False,none
TXN0005007,False,none
TXN0010698,False,none
TXN0009834,False,none
TXN0011708,False,none
TXN0004650,False,none
TXN0000733,False,none
TXN0000097,False,none
TXN0003591,False,none
TXN0001496,False,none
TXN0003332,False,none
TXN0000714,False,none
TXN0010349,False,none
TXN0006658,False,none
TXN0002987,False,none
TXN0008783,False,none
TXN0006705,False,none
TXN0008626,False,none
TXN0006031,False,none
TXN0003470,False,none
TXN0009493,False,none
TXN0009646,False,none
TXN0004922,False,none
TXN0010883,False,none
TXN0002291,False,none
TXN0001665,False,none
TXN0006088,False,none
TXN0005300,False,none
TXN0001419,False,none
TXN0000409,False,none
TXN0005409,False,none
TXN0011639,False,none
TXN0002601,False,none
TXN0007724,False,none
TXN0003110,False,none
TXN0002731,False,none
TXN0003101,False,none
TXN0008377,False,none
TXN0006338,False,none
TXN0004230,False,none
TXN0008266,False,none
TXN0001036,False,none
TXN0003450,False,none
TXN0011951,False,none
TXN0009412,False,none
TXN0004413,False,none
TXN0007416,False,none
TXN0002856,False,none
TXN0006103,False,none
TXN0009775,False,none
TXN0000274,False,none
TXN0009891,False,none
TXN0000914,False,none
TXN0007777,False,none
TXN0000460,False,none
TXN0006679,False,none
TXN0010432,False,none
TXN0004129,False,none
TXN0004032,False,none
TXN0002476,False,none
TXN0008590,False,none
TXN0002871,False,none
TXN0000216,False,none
TXN0010186,False,none
TXN0006598,False,none
TXN0005533,False,none
TXN0006418,False,none
TXN0001561,False,none
TXN0003367,False,none
TXN0006629,False,none
TXN0006323,False,none
TXN0000559,False,none
TXN0007929,False,none
TXN0011117,False,none
TXN0004139,False,none
TXN0006318,False,none
TXN0003138,False,none
TXN0004637,False,none
TXN0011810,False,none
TXN0002199,False,none
TXN0005743,False,none
TXN0011046,False,none
TXN0006037,False,none
TXN0004435,False,none
TXN0004146,False,none
TXN0010650,False,none
TXN0008843,False,none
TXN0007252,False,none
TXN0011410,False,none
TXN0001944,False,none
TXN0007342,False,none
TXN0000843,False,none
TXN0010582,False,none
TXN0003892,False,none
TXN0011158,False,none
TXN0007993,False,none
TXN0009164,False,none
TXN0007663,False,none
TXN0010113,False,none
TXN0003769,False,none
TXN0008849,False,none
TXN0002679,False,none
TXN0004490,False,none
TXN0011282,False,none
TXN0011784,False,none
TXN0008882,False,none
TXN0009465,False,none
TXN0002286,False,none
TXN0004155,False,none
TXN0005868,False,none
TXN0003202,False,none
TXN0004499,False,none
TXN0000130,False,none
TXN0000437,False,none
TXN0003638,False,none
TXN0010016,False,none
TXN0009227,False,none
TXN0001879,False,none
TXN0005491,False,none
TXN0008274,False,none
TXN0007460,False,none
TXN0006052,False,none
TXN0003368,False,none
TXN0001313,False,none
TXN0009826,False,none
TXN0008064,False,none
TXN0001670,False,none
TXN0003806,False,none
TXN0009605,False,none
TXN0006095,False,none
TXN0007547,False,none
TXN0004516,False,none
TXN0000250,False,none
TXN0010988,False,none
TXN0008316,False,none
TXN0001468,False,none
TXN0003081,False,none
TXN0007534,False,none
TXN0006153,False,none
TXN0008134,False,none
TXN0002185,False,none
TXN0005744,False,none
TXN0000347,False,none
TXN0002965,False,none
TXN0000068,False,none
TXN0000290,False,none
TXN0004079,False,none
TXN0001604,False,none
TXN0004482,False,none
TXN0006101,False,none
TXN0009220,False,none
TXN0006315,False,none
TXN0009874,False,none
TXN0011601,False,none
TXN0003542,False,none
TXN0006385,False,none
TXN0012094,True,layering
TXN0005397,False,none
TXN0010157,False,none
TXN0010599,False,none
TXN0010900,False,none
TXN0010658,False,none
TXN0001138,False,none
TXN0009336,False,none
TXN0003745,False,none
TXN0003564,False,none
TXN0009097,False,none
TXN0000574,False,none
TXN0001971,False,none
TXN0011265,False,none
TXN0003863,False,none
TXN0008208,False,none
TXN0011909,False,none
TXN0005390,False,none
TXN0009471,False,none
TXN0002860,False,none
TXN0001556,False,none
TXN0000583,False,none
TXN0004224,False,none
TXN0000529,False,none
TXN0003820,False,none
TXN0009205,False,none
TXN0009090,False,none
TXN0006349,False,none
TXN0006737,False,none
TXN0003937,False,none
TXN0005845,False,none
TXN0002065,False,none
TXN0011114,False,none
TXN0003137,False,none
TXN0010489,False,none
TXN0006482,False,none
TXN0006668,False,none
TXN0001545,False,none
TXN0010177,False,none
TXN0011432,False,none
TXN0000718,False,none
TXN0011285,False,none
TXN0000946,False,none
TXN0010013,False,none
TXN0000511,False,none
TXN0003777,False,none
TXN0001430,False,none
TXN0011704,False,none
TXN0000925,False,none
TXN0001164,False,none
TXN0012078,True,high_risk_geo
TXN0012019,True,velocity
TXN0003466,False,none
TXN0001800,False,none
TXN0004789,False,none
TXN0004846,False,none
TXN0006667,False,none
TXN0010827,False,none
TXN0009403,False,none
TXN0011099,False,none
TXN0000251,False,none
TXN0011385,False,none
TXN0001022,False,none
TXN0000943,False,none
TXN0012012,True,velocity
TXN0008677,False,none
TXN0005324,False,none
TXN0004635,False,none
TXN0001992,False,none
TXN0004626,False,none
TXN0008550,False,none
TXN0010906,False,none
TXN0005931,False,none
TXN0001866,False,none
TXN0005220,False,none
TXN0006844,False,none
TXN0005694,False,none
TXN0001769,False,none
TXN0009007,False,none
TXN0007744,False,none
TXN0009957,False,none
TXN0006015,False,none
TXN0007114,False,none
TXN0011696,False,none
TXN0008145,False,none
TXN0008896,False,none
TXN0012018,True,velocity
TXN0000713,False,none
TXN0010695,False,none
TXN0009031,False,none
TXN0008508,False,none
TXN0003379,False,none
TXN0000959,False,none
TXN0000385,False,none
TXN0004796,False,none
TXN0007039,False,none
TXN0005362,False,none
TXN0005206,False,none
TXN0003587,False,none
TXN0007203,False,none
TXN0000191,False,none
TXN0000343,False,none
TXN0006000,False,none
TXN0010755,False,none
TXN0010021,False,none
TXN0005843,False,none
TXN0007926,False,none
TXN0009980,False,none
TXN0005367,False,none
TXN0000506,False,none
TXN0011977,True,structuring
TXN0001391,False,none
TXN0011135,False,none
TXN0006240,False,none
TXN0009245,False,none
TXN0006862,False,none
TXN0002531,False,none
TXN0000484,False,none
TXN0004561,False,none
TXN0006222,False,none
TXN0007847,False,none
TXN0008614,False,none
TXN0007662,False,none
TXN0008709,False,none
TXN0004619,False,none
TXN0010532,False,none
TXN0006155,False,none
TXN0003133,False,none
TXN0009839,False,none
TXN0008290,False,none
TXN0003563,False,none
TXN0005517,False,none
TXN0000464,False,none
TXN0011127,False,none
TXN0004539,False,none
TXN0003418,False,none
TXN0007604,False,none
TXN0009278,False,none
TXN0008144,False,none
TXN0009162,False,none
TXN0006413,False,none
TXN0005722,False,none
TXN0001095,False,none
TXN0003666,False,none
TXN0011148,False,none
TXN0001712,False,none
TXN0005891,False,none
TXN0000649,False,none
TXN0006943,False,none
TXN0006544,False,none
TXN0010948,False,none
TXN0010920,False,none
TXN0010399,False,none
TXN0011170,False,none
TXN0007862,False,none
TXN0007157,False,none
TXN0002162,False,none
TXN0004641,False,none
TXN0001500,False,none
TXN0003944,False,none
TXN0002095,False,none
TXN0011427,False,none
TXN0001374,False,none
TXN0007248,False,none
TXN0002829,False,none
TXN0004781,False,none
TXN0012046,True,velocity
TXN0009993,False,none
TXN0001703,False,none
TXN0000597,False,none
TXN0011074,False,none
TXN0001466,False,none
TXN0011138,False,none
TXN0001202,False,none
TXN0002277,False,none
TXN0010088,False,none
TXN0009717,False,none
TXN0008548,False,none
TXN0012096,True,layering
TXN0004428,False,none
TXN0004204,False,none
TXN0010508,False,none
TXN0009859,False,none
TXN0009331,False,none
TXN0004162,False,none
TXN0007560,False,none
TXN0004134,False,none
TXN0011927,False,none
TXN0004712,False,none
TXN0000338,False,none
TXN0001587,False,none
TXN0008683,False,none
TXN0009741,False,none
TXN0001745,False,none
TXN0002069,False,none
TXN0001869,False,none
TXN0006779,False,none
TXN0005668,False,none
TXN0010798,False,none
TXN0008945,False,none
TXN0003320,False,none
TXN0010793,False,none
TXN0000800,False,none
TXN0005067,False,none
TXN0011251,False,none
TXN0004944,False,none
TXN0002986,False,none
TXN0006043,False,none
TXN0006839,False,none
TXN0008118,False,none
TXN0005422,False,none
TXN0007070,False,none
TXN0002609,False,none
TXN0010684,False,none
TXN0006396,False,none
TXN0010918,False,none
TXN0001577,False,none
TXN0000301,False,none
TXN0000579,False,none
TXN0003251,False,none
TXN0007835,False,none
TXN0004401,False,none
TXN0008239,False,none
TXN0002480,False,none
TXN0008831,False,none
TXN0003881,False,none
TXN0006194,False,none
TXN0000880,False,none
TXN0001998,False,none
TXN0007576,False,none
TXN0008372,False,none
TXN0000341,False,none
TXN0010496,False,none
TXN0001501,False,none
TXN0002020,False,none
TXN0000473,False,none
TXN0000232,False,none
TXN0001157,False,none
TXN0005099,False,none
TXN0002918,False,none
TXN0003704,False,none
TXN0006834,False,none
TXN0001473,False,none
TXN0004090,False,none
TXN0001037,False,none
TXN0007202,False,none
TXN0010811,False,none
TXN0006174,False,none
TXN0008366,False,none
TXN0011101,False,none
TXN0011387,False,none
TXN0003345,False,none
TXN0009235,False,none
TXN0005253,False,none
TXN0011864,False,none
TXN0012127,False,lookalike_legit
TXN0011979,True,structuring
TXN0006263,False,none
TXN0007271,False,none
TXN0002640,False,none
TXN0004273,False,none
TXN0003139,False,none
TXN0002033,False,none
TXN0000197,False,none
TXN0008453,False,none
TXN0007858,False,none
TXN0005854,False,none
TXN0004978,False,none
TXN0008743,False,none
TXN0004192,False,none
TXN0007134,False,none
TXN0009353,False,none
TXN0009476,False,none
TXN0010337,False,none
TXN0002725,False,none
TXN0010481,False,none
TXN0003057,False,none
TXN0001570,False,none
TXN0011450,False,none
TXN0005163,False,none
TXN0004181,False,none
TXN0007634,False,none
TXN0001034,False,none
TXN0008013,False,none
TXN0000096,False,none
TXN0012115,False,lookalike_legit
TXN0002243,False,none
TXN0007998,False,none
TXN0009040,False,none
TXN0005297,False,none
TXN0005122,False,none
TXN0002505,False,none
TXN0001983,False,none
TXN0010145,False,none
TXN0005987,False,none
TXN0003171,False,none
TXN0004795,False,none
TXN0001833,False,none
TXN0007529,False,none
TXN0003147,False,none
TXN0009508,False,none
TXN0011207,False,none
TXN0002032,False,none
TXN0009949,False,none
TXN0007107,False,none
TXN0002520,False,none
TXN0008259,False,none
TXN0001385,False,none
TXN0003439,False,none
TXN0004425,False,none
TXN0008249,False,none
TXN0008296,False,none
TXN0004811,False,none
TXN0004967,False,none
TXN0003082,False,none
TXN0001914,False,none
TXN0010783,False,none
TXN0004738,False,none
TXN0007701,False,none
TXN0012093,True,layering
TXN0008043,False,none
TXN0011478,False,none
TXN0003507,False,none
TXN0000886,False,none
TXN0008519,False,none
TXN0006870,False,none
TXN0000276,False,none
TXN0004042,False,none
TXN0001865,False,none
TXN0008051,False,none
TXN0002748,False,none
TXN0001281,False,none
TXN0000648,False,none
TXN0007368,False,none
TXN0009637,False,none
TXN0010152,False,none
TXN0005990,False,none
TXN0000653,False,none
TXN0008324,False,none
TXN0000019,False,none
TXN0000653,False,none
TXN0001569,False,none
TXN0008833,False,none
TXN0010033,False,none
TXN0010739,False,none
TXN0011653,False,none
TXN0011176,False,none
TXN0009477,False,none
TXN0010282,False,none
TXN0005210,False,none
TXN0003249,False,none
TXN0004468,False,none
TXN0010567,False,none
TXN0005612,False,none
TXN0009003,False,none
TXN0002808,False,none
TXN0004172,False,none
TXN0007153,False,none
TXN0004387,False,none
TXN0008069,False,none
TXN0011438,False,none
TXN0011278,False,none
TXN0003907,False,none
TXN0001240,False,none
TXN0009120,False,none
TXN0002675,False,none
TXN0003072,False,none
TXN0012030,True,velocity
TXN0008044,False,none
TXN0002288,False,none
TXN0005792,False,none
TXN0001480,False,none
TXN0007345,False,none
TXN0002026,False,none
TXN0007624,False,none
TXN0005025,False,none
TXN0006918,False,none
TXN0001040,False,none
TXN0005043,False,none
TXN0001470,False,none
TXN0002394,False,none
TXN0005563,False,none
TXN0002246,False,none
TXN0003755,False,none
TXN0010366,False,none
TXN0007977,False,none
TXN0004248,False,none
TXN0006254,False,none
TXN0003132,False,none
TXN0002079,False,none
TXN0006794,False,none
TXN0002848,False,none
TXN0011066,False,none
TXN0000404,False,none
TXN0008653,False,none
TXN0004640,False,none
TXN0001289,False,none
TXN0011942,False,none
TXN0006873,False,none
TXN0010230,False,none
TXN0006506,False,none
TXN0008667,False,none
TXN0005174,False,none
TXN0009520,False,none
TXN0008942,False,none
TXN0000657,False,none
TXN0007705,False,none
TXN0004993,False,none
TXN0006854,False,none
TXN0000375,False,none
TXN0008682,False,none
TXN0006115,False,none
TXN0011116,False,none
TXN0005532,False,none
TXN0000967,False,none
TXN0009903,False,none
TXN0008343,False,none
TXN0006288,False,none
TXN0002851,False,none
TXN0000076,False,none
TXN0000927,False,none
TXN0008096,False,none
TXN0002935,False,none
TXN0002400,False,none
TXN0007043,False,none
TXN0005884,False,none
TXN0011162,False,none
TXN0006496,False,none
TXN0000163,False,none
TXN0005388,False,none
TXN0009921,False,none
TXN0009823,False,none
TXN0003493,False,none
TXN0009817,False,none
TXN0007129,False,none
TXN0009743,False,none
TXN0003162,False,none
TXN0009366,False,none
TXN0009200,False,none
TXN0004949,False,none
TXN0005765,False,none
TXN0002187,False,none
TXN0012103,False,lookalike_legit
TXN0000007,False,none
TXN0004399,False,none
TXN0011085,False,none
TXN0004576,False,none
TXN0000129,False,none
TXN0003235,False,none
TXN0008364,False,none
TXN0006356,False,none
TXN0010058,False,none
TXN0006938,False,none
TXN0008211,False,none
TXN0000010,False,none
TXN0009057,False,none
TXN0000476,False,none
TXN0009110,False,none
TXN0006292,False,none
TXN0002377,False,none
TXN0009145,False,none
TXN0008341,False,none
TXN0008998,False,none
TXN0012114,False,lookalike_legit
TXN0006798,False,none
TXN0003949,False,none
TXN0010993,False,none
TXN0006206,False,none
TXN0008424,False,none
TXN0009123,False,none
TXN0005708,False,none
TXN0007323,False,none
TXN0007670,False,none
TXN0009059,False,none
TXN0010472,False,none
TXN0009749,False,none
TXN0002853,False,none
TXN0004207,False,none
TXN0010716,False,none
TXN0008744,False,none
TXN0009771,False,none
TXN0006200,False,none
TXN0003116,False,none
TXN0004186,False,none
TXN0012087,True,layering
TXN0001904,False,none
TXN0005359,False,none
TXN0005396,False,none
TXN0003989,False,none
TXN0009777,False,none
TXN0006283,False,none
TXN0007131,False,none
TXN0004209,False,none
TXN0010020,False,none
TXN0011367,False,none
TXN0006694,False,none
TXN0008745,False,none
TXN0007776,False,none
TXN0010845,False,none
TXN0007671,False,none
TXN0007589,False,none
TXN0006237,False,none
TXN0008735,False,none
TXN0000178,False,none
TXN0001342,False,none
TXN0009700,False,none
TXN0010982,False,none
TXN0003839,False,none
TXN0008769,False,none
TXN0004201,False,none
TXN0009688,False,none
TXN0003696,False,none
TXN0007440,False,none
TXN0003689,False,none
TXN0007906,False,none
TXN0004309,False,none
TXN0004730,False,none
TXN0009843,False,none
TXN0008097,False,none
TXN0006267,False,none
TXN0003593,False,none
TXN0000023,False,none
TXN0001236,False,none
TXN0011140,False,none
TXN0008428,False,none
TXN0011332,False,none
TXN0000572,False,none
TXN0001070,False,none
TXN0004374,False,none
TXN0000611,False,none
TXN0007123,False,none
TXN0000269,False,none
TXN0003048,False,none
TXN0000446,False,none
TXN0010187,False,none
TXN0008801,False,none
TXN0009414,False,none
TXN0007775,False,none
TXN0007626,False,none
TXN0006461,False,none
TXN0005293,False,none
TXN0010296,False,none
TXN0006048,False,none
TXN0001326,False,none
TXN0003519,False,none
TXN0005888,False,none
TXN0011820,False,none
TXN0009514,False,none
TXN0002461,False,none
TXN0005018,False,none
TXN0007614,False,none
TXN0001328,False,none
TXN0001491,False,none
TXN0002577,False,none
TXN0007556,False,none
TXN0001863,False,none
TXN0000470,False,none
TXN0008037,False,none
TXN0003800,False,none
TXN0011447,False,none
TXN0001786,False,none
TXN0006648,False,none
TXN0008913,False,none
TXN0000164,False,none
TXN0004957,False,none
TXN0011731,False,none
TXN0000320,False,none
TXN0001201,False,none
TXN0010721,False,none
TXN0002996,False,none
TXN0002689,False,none
TXN0008919,False,none
TXN0003757,False,none
TXN0004402,False,none
TXN0000049,False,none
TXN0002258,False,none
TXN0005147,False,none
TXN0004659,False,none
TXN0010488,False,none
TXN0009284,False,none
TXN0008799,False,none
TXN0001807,False,none
TXN0009470,False,none
TXN0008733,False,none
TXN0001644,False,none
TXN0011185,False,none
TXN0005811,False,none
TXN0003472,False,none
TXN0004647,False,none
TXN0007264,False,none
TXN0003073,False,none
TXN0006274,False,none
TXN0009077,False,none
TXN0001024,False,none
TXN0008604,False,none
TXN0011082,False,none
TXN0010686,False,none
TXN0005447,False,none
TXN0005816,False,none
TXN0010045,False,none
TXN0008389,False,none
TXN0002862,False,none
TXN0007239,False,none
TXN0001883,False,none
TXN0006686,False,none
TXN0001519,False,none
TXN0005131,False,none
TXN0001667,False,none
TXN0000853,False,none
TXN0005246,False,none
TXN0001962,False,none
TXN0003360,False,none
TXN0003166,False,none
TXN0000110,False,none
TXN0009005,False,none
TXN0012145,False,lookalike_legit
TXN0003518,False,none
TXN0005623,False,none
TXN0005915,False,none
TXN0006484,False,none
TXN0005550,False,none
TXN0001277,False,none
TXN0009886,False,none
TXN0005773,False,none
TXN0010517,False,none
TXN0003169,False,none
TXN0000327,False,none
TXN0010084,False,none
TXN0008559,False,none
TXN0010930,False,none
TXN0003178,False,none
TXN0008131,False,none
TXN0007163,False,none
TXN0002308,False,none
TXN0000428,False,none
TXN0004038,False,none
TXN0008814,False,none
TXN0011619,False,none
TXN0009342,False,none
TXN0007235,False,none
TXN0011143,False,none
TXN0003836,False,none
TXN0002089,False,none
TXN0012004,True,velocity
TXN0004325,False,none
TXN0009745,False,none
TXN0003357,False,none
TXN0002586,False,none
TXN0005825,False,none
TXN0009413,False,none
TXN0009161,False,none
TXN0010923,False,none
TXN0007811,False,none
TXN0012016,True,velocity
TXN0002903,False,none
TXN0005726,False,none
TXN0010078,False,none
TXN0002342,False,none
TXN0006280,False,none
TXN0000685,False,none
TXN0009315,False,none
TXN0011492,False,none
TXN0002665,False,none
TXN0003879,False,none
TXN0002656,False,none
TXN0009975,False,none
TXN0001218,False,none
TXN0007423,False,none
TXN0003096,False,none
TXN0005110,False,none
TXN0009999,False,none
TXN0001673,False,none
TXN0005072,False,none
TXN0011952,False,none
TXN0005853,False,none
TXN0001946,False,none
TXN0003328,False,none
TXN0005895,False,none
TXN0011421,False,none
TXN0005185,False,none
TXN0003813,False,none
TXN0000092,False,none
TXN0003474,False,none
TXN0007359,False,none
TXN0010461,False,none
TXN0010197,False,none
TXN0003416,False,none
TXN0008878,False,none
TXN0003336,False,none
TXN0008603,False,none
TXN0003506,False,none
TXN0004379,False,none
TXN0002346,False,none
TXN0011476,False,none
TXN0008417,False,none
TXN0003582,False,none
TXN0011095,False,none
TXN0011726,False,none
TXN0004315,False,none
TXN0005332,False,none
TXN0007859,False,none
TXN0011839,False,none
TXN0005470,False,none
TXN0008925,False,none
TXN0005419,False,none
TXN0001426,False,none
TXN0000624,False,none
TXN0010148,False,none
TXN0007305,False,none
TXN0010999,False,none
TXN0009618,False,none
TXN0010862,False,none
TXN0009619,False,none
TXN0004300,False,none
TXN0003191,False,none
TXN0002538,False,none
TXN0007152,False,none
TXN0011646,False,none
TXN0007856,False,none
TXN0011785,False,none
TXN0003815,False,none
TXN0011770,False,none
TXN0007897,False,none
TXN0010156,False,none
TXN0004947,False,none
TXN0006718,False,none
TXN0003982,False,none
TXN0008282,False,none
TXN0000444,False,none
TXN0004783,False,none
TXN0008874,False,none
TXN0007210,False,none
TXN0003568,False,none
TXN0008000,False,none
TXN0006121,False,none
TXN0006931,False,none
TXN0003164,False,none
TXN0001486,False,none
TXN0004004,False,none
TXN0009512,False,none
TXN0003148,False,none
TXN0004416,False,none
TXN0001054,False,none
TXN0007476,False,none
TXN0008422,False,none
TXN0005648,False,none
TXN0009932,False,none
TXN0003781,False,none
TXN0005059,False,none
TXN0005237,False,none
TXN0000671,False,none
TXN0001651,False,none
TXN0004299,False,none
TXN0011578,False,none
TXN0011883,False,none
TXN0001508,False,none
TXN0010580,False,none
TXN0005134,False,none
TXN0006090,False,none
TXN0003174,False,none
TXN0010591,False,none
TXN0008089,False,none
TXN0010743,False,none
TXN0005469,False,none
TXN0008053,False,none
TXN0009024,False,none
TXN0005561,False,none
TXN0004142,False,none
TXN0007723,False,none
TXN0008058,False,none
TXN0008099,False,none
TXN0007336,False,none
TXN0007689,False,none
TXN0006093,False,none
TXN0007013,False,none
TXN0007594,False,none
TXN0006758,False,none
TXN0001859,False,none
TXN0006778,False,none
TXN0010826,False,none
TXN0000851,False,none
TXN0001016,False,none
TXN0002667,False,none
TXN0001999,False,none
TXN0005823,False,none
TXN0003390,False,none
TXN0004721,False,none
TXN0009716,False,none
TXN0010573,False,none
TXN0006767,False,none
TXN0002111,False,none
TXN0007329,False,none
TXN0002637,False,none
TXN0000838,False,none
TXN0010258,False,none
TXN0007099,False,none
TXN0011064,False,none
TXN0001152,False,none
TXN0004522,False,none
TXN0003108,False,none
TXN0000357,False,none
TXN0010892,False,none
TXN0011535,False,none
TXN0007348,False,none
TXN0011913,False,none
TXN0012099,True,layering
TXN0010563,False,none
TXN0005197,False,none
TXN0008385,False,none
TXN0008445,False,none
TXN0003548,False,none
TXN0008934,False,none
TXN0003146,False,none
TXN0000947,False,none
TXN0004093,False,none
TXN0003248,False,none
TXN0010720,False,none
TXN0010808,False,none
TXN0000686,False,none
TXN0001662,False,none
TXN0011850,False,none
TXN0001474,False,none
TXN0007829,False,none
TXN0005852,False,none
TXN0006299,False,none
TXN0006454,False,none
TXN0002282,False,none
TXN0000722,False,none
TXN0002796,False,none
TXN0000681,False,none
TXN0001439,False,none
TXN0008568,False,none
TXN0009803,False,none
TXN0004494,False,none
TXN0004828,False,none
TXN0003966,False,none
TXN0005501,False,none
TXN0009269,False,none
TXN0011276,False,none
TXN0000781,False,none
TXN0002516,False,none
TXN0006896,False,none
TXN0003610,False,none
TXN0006502,False,none
TXN0010169,False,none
TXN0002548,False,none
TXN0012089,True,layering
TXN0004405,False,none
TXN0011961,True,structuring
TXN0007702,False,none
TXN0000615,False,none
TXN0005476,False,none
TXN0004488,False,none
TXN0011944,False,none
TXN0008094,False,none
TXN0000462,False,none
TXN0002924,False,none
TXN0009854,False,none
TXN0002380,False,none
TXN0009697,False,none
TXN0011986,True,structuring
TXN0008426,False,none
TXN0008079,False,none
TXN0008564,False,none
TXN0005642,False,none
TXN0007356,False,none
TXN0005809,False,none
TXN0010343,False,none
TXN0002308,False,none
TXN0002011,False,none
TXN0001050,False,none
TXN0003649,False,none
TXN0006307,False,none
TXN0008168,False,none
TXN0011105,False,none
TXN0008456,False,none
TXN0004391,False,none
TXN0001507,False,none
TXN0007755,False,none
TXN0003848,False,none
TXN0007690,False,none
TXN0007667,False,none
TXN0002533,False,none
TXN0007186,False,none
TXN0009690,False,none
TXN0001027,False,none
TXN0007190,False,none
TXN0007591,False,none
TXN0007768,False,none
TXN0008003,False,none
TXN0011290,False,none
TXN0008674,False,none
TXN0012042,True,velocity
TXN0009511,False,none
TXN0002128,False,none
TXN0003203,False,none
TXN0007213,False,none
TXN0007870,False,none
TXN0000165,False,none
TXN0001382,False,none
TXN0006731,False,none
TXN0011314,False,none
TXN0008229,False,none
TXN0010457,False,none
TXN0008922,False,none
TXN0010206,False,none
TXN0007054,False,none
TXN0006231,False,none
TXN0011520,False,none
TXN0003337,False,none
TXN0010728,False,none
TXN0007009,False,none
TXN0004053,False,none
TXN0008347,False,none
TXN0002966,False,none
TXN0001422,False,none
TXN0002575,False,none
TXN0011742,False,none
TXN0009879,False,none
TXN0001096,False,none
TXN0000587,False,none
TXN0010620,False,none
TXN0009551,False,none
TXN0004037,False,none
TXN0000779,False,none
TXN0011993,True,velocity
TXN0004174,False,none
TXN0006332,False,none
TXN0007967,False,none
TXN0004305,False,none
TXN0004472,False,none
TXN0009998,False,none
TXN0003211,False,none
TXN0011013,False,none
TXN0003192,False,none
TXN0000153,False,none
TXN0004311,False,none
TXN0009844,False,none
TXN0001526,False,none
TXN0004833,False,none
TXN0006346,False,none
TXN0001132,False,none
TXN0001891,False,none
TXN0002241,False,none
TXN0000214,False,none
TXN0008776,False,none
TXN0009525,False,none
TXN0007218,False,none
TXN0000509,False,none
TXN0005352,False,none
TXN0010651,False,none
TXN0002909,False,none
TXN0002511,False,none
TXN0005974,False,none
TXN0003695,False,none
TXN0002604,False,none
TXN0000158,False,none
TXN0004885,False,none
TXN0005288,False,none
TXN0007922,False,none
TXN0002584,False,none
TXN0009517,False,none
TXN0009607,False,none
TXN0009602,False,none
TXN0010367,False,none
TXN0006724,False,none
TXN0000555,False,none
TXN0005945,False,none
TXN0007916,False,none
TXN0008722,False,none
TXN0003644,False,none
TXN0000790,False,none
TXN0001671,False,none
TXN0001734,False,none
TXN0003647,False,none
TXN0003707,False,none
TXN0010293,False,none
TXN0005697,False,none
TXN0007160,False,none
TXN0006092,False,none
TXN0000868,False,none
TXN0003437,False,none
TXN0004810,False,none
TXN0004687,False,none
TXN0000516,False,none
TXN0007261,False,none
TXN0002515,False,none
TXN0006358,False,none
TXN0009264,False,none
TXN0005733,False,none
TXN0007850,False,none
TXN0000411,False,none
TXN0001478,False,none
TXN0007304,False,none
TXN0002704,False,none
TXN0009736,False,none
TXN0002118,False,none
TXN0008764,False,none
TXN0010405,False,none
TXN0004762,False,none
TXN0002649,False,none
TXN0006468,False,none
TXN0005519,False,none
TXN0006352,False,none
TXN0000801,False,none
TXN0000708,False,none
TXN0009961,False,none
TXN0000745,False,none
TXN0002845,False,none
TXN0005691,False,none
TXN0005115,False,none
TXN0003405,False,none
TXN0009332,False,none
TXN0008762,False,none
TXN0000381,False,none
TXN0006960,False,none
TXN0006788,False,none
TXN0007964,False,none
TXN0008121,False,none
TXN0001928,False,none
TXN0005926,False,none
TXN0011461,False,none
TXN0005306,False,none
TXN0008981,False,none
TXN0012111,False,lookalike_legit
TXN0009372,False,none
TXN0005353,False,none
TXN0002017,False,none
TXN0006590,False,none
TXN0006995,False,none
TXN0002638,False,none
TXN0003301,False,none
TXN0002091,False,none
TXN0000278,False,none
TXN0006308,False,none
TXN0004880,False,none
TXN0003998,False,none
TXN0006347,False,none
TXN0004959,False,none
TXN0008002,False,none
TXN0003575,False,none
TXN0001760,False,none
TXN0009448,False,none
TXN0005676,False,none
TXN0010421,False,none
TXN0012020,True,velocity
TXN0004835,False,none
TXN0011506,False,none
TXN0005452,False,none
TXN0008540,False,none
TXN0009793,False,none
TXN0011103,False,none
TXN0001205,False,none
TXN0007562,False,none
TXN0003986,False,none
TXN0001754,False,none
TXN0008264,False,none
TXN0004368,False,none
TXN0001348,False,none
TXN0007147,False,none
TXN0005047,False,none
TXN0009800,False,none
TXN0000709,False,none
TXN0005805,False,none
TXN0007181,False,none
TXN0007846,False,none
TXN0007268,False,none
TXN0012124,False,lookalike_legit
TXN0006500,False,none
TXN0004624,False,none
TXN0005236,False,none
TXN0008378,False,none
TXN0003532,False,none
TXN0002135,False,none
TXN0006838,False,none
TXN0009976,False,none
TXN0006196,False,none
TXN0007148,False,none
TXN0007346,False,none
TXN0007676,False,none
TXN0005132,False,none
TXN0002961,False,none
TXN0009850,False,none
TXN0004704,False,none
TXN0003198,False,none
TXN0008170,False,none
TXN0010214,False,none
TXN0011480,False,none
TXN0002208,False,none
TXN0004623,False,none
TXN0007857,False,none
TXN0004487,False,none
TXN0007332,False,none
TXN0001821,False,none
TXN0008505,False,none
TXN0002021,False,none
TXN0001933,False,none
TXN0001889,False,none
TXN0008294,False,none
TXN0007938,False,none
TXN0005179,False,none
TXN0002730,False,none
TXN0007204,False,none
TXN0010968,False,none
TXN0002131,False,none
TXN0006626,False,none
TXN0000675,False,none
TXN0010866,False,none
TXN0011052,False,none
TXN0004551,False,none
TXN0001515,False,none
TXN0009974,False,none
TXN0003872,False,none
TXN0007831,False,none
TXN0012135,False,lookalike_legit
TXN0009505,False,none
TXN0007866,False,none
TXN0011842,False,none
TXN0003867,False,none
TXN0009500,False,none
TXN0001972,False,none
TXN0010921,False,none
TXN0007307,False,none
TXN0000263,False,none
TXN0007987,False,none
TXN0010915,False,none
TXN0005402,False,none
TXN0002846,False,none
TXN0008078,False,none
TXN0008399,False,none
TXN0009659,False,none
TXN0009589,False,none
TXN0002163,False,none
TXN0011413,False,none
TXN0012097,True,layering
TXN0002160,False,none
TXN0007363,False,none
TXN0005143,False,none
TXN0009613,False,none
TXN0001291,False,none
TXN0008846,False,none
TXN0000195,False,none
TXN0008820,False,none
TXN0003953,False,none
TXN0000694,False,none
TXN0003225,False,none
TXN0007648,False,none
TXN0006690,False,none
TXN0000106,False,none
TXN0004169,False,none
TXN0009369,False,none
TXN0001386,False,none
TXN0003823,False,none
TXN0002119,False,none
TXN0007146,False,none
TXN0011587,False,none
TXN0006422,False,none
TXN0008475,False,none
TXN0002571,False,none
TXN0006797,False,none
TXN0008741,False,none
TXN0007784,False,none
TXN0009299,False,none
TXN0011371,False,none
TXN0002950,False,none
TXN0010372,False,none
TXN0007097,False,none
TXN0010585,False,none
TXN0011168,False,none
TXN0010111,False,none
TXN0002249,False,none
TXN0004239,False,none
TXN0010708,False,none
TXN0011464,False,none
TXN0010403,False,none
TXN0002816,False,none
TXN0000985,False,none
TXN0000858,False,none
TXN0011225,False,none
TXN0004212,False,none
TXN0010802,False,none
TXN0007675,False,none
TXN0000241,False,none
TXN0002463,False,none
TXN0000056,False,none
TXN0009865,False,none
TXN0007581,False,none
TXN0010947,False,none
TXN0011620,False,none
TXN0002826,False,none
TXN0008093,False,none
TXN0009224,False,none
TXN0006182,False,none
TXN0010640,False,none
TXN0009734,False,none
TXN0003540,False,none
TXN0003968,False,none
TXN0003586,False,none
TXN0003714,False,none
TXN0005365,False,none
TXN0011233,False,none
TXN0001942,False,none
TXN0001169,False,none
TXN0009943,False,none
TXN0004911,False,none
TXN0003495,False,none
TXN0011737,False,none
TXN0006558,False,none
TXN0010777,False,none
TXN0003295,False,none
TXN0007361,False,none
TXN0008738,False,none
TXN0001718,False,none
TXN0008398,False,none
TXN0000442,False,none
TXN0004276,False,none
TXN0012092,True,layering
TXN0009385,False,none
TXN0003387,False,none
TXN0004152,False,none
TXN0002109,False,none
TXN0002170,False,none
TXN0011990,True,structuring
TXN0005420,False,none
TXN0000808,False,none
TXN0011714,False,none
TXN0007910,False,none
TXN0005596,False,none
TXN0009408,False,none
TXN0011021,False,none
TXN0008569,False,none
TXN0004228,False,none
TXN0009763,False,none
TXN0009846,False,none
TXN0002030,False,none
TXN0011164,False,none
TXN0007435,False,none
TXN0004870,False,none
TXN0010901,False,none
TXN0004777,False,none
TXN0003376,False,none
TXN0001521,False,none
TXN0002139,False,none
TXN0007697,False,none
TXN0002470,False,none
TXN0001647,False,none
TXN0005214,False,none
TXN0006881,False,none
TXN0011037,False,none
TXN0007787,False,none
TXN0010804,False,none
TXN0008012,False,none
TXN0003103,False,none
TXN0011092,False,none
TXN0002707,False,none
TXN0002614,False,none
TXN0010324,False,none
TXN0006869,False,none
TXN0008899,False,none
TXN0009889,False,none
TXN0009478,False,none
TXN0008285,False,none
TXN0009228,False,none
TXN0010267,False,none
TXN0009900,False,none
TXN0009623,False,none
TXN0012038,True,velocity
TXN0002294,False,none
TXN0002331,False,none
TXN0001418,False,none
TXN0002365,False,none
TXN0001487,False,none
TXN0005643,False,none
TXN0006145,False,none
TXN0009273,False,none
TXN0007162,False,none
TXN0002314,False,none
TXN0006023,False,none
TXN0001183,False,none
TXN0005865,False,none
TXN0006130,False,none
TXN0009136,False,none
TXN0000354,False,none
TXN0006038,False,none
TXN0002401,False,none
TXN0010959,False,none
TXN0010052,False,none
TXN0000305,False,none
TXN0007745,False,none
TXN0005806,False,none
TXN0008196,False,none
TXN0006576,False,none
TXN0004776,False,none
TXN0000586,False,none
TXN0003408,False,none
TXN0003045,False,none
TXN0000396,False,none
TXN0002792,False,none
TXN0006285,False,none
TXN0005522,False,none
TXN0006160,False,none
TXN0005379,False,none
TXN0004338,False,none
TXN0004638,False,none
TXN0011812,False,none
TXN0005064,False,none
TXN0002296,False,none
TXN0011368,False,none
TXN0002761,False,none
TXN0005383,False,none
TXN0007852,False,none
TXN0011992,True,velocity
TXN0008875,False,none
TXN0003541,False,none
TXN0004157,False,none
TXN0007411,False,none
TXN0004069,False,none
TXN0000622,False,none
TXN0009799,False,none
TXN0008867,False,none
TXN0012126,False,lookalike_legit
TXN0005310,False,none
TXN0012001,True,velocity
TXN0004231,False,none
TXN0002997,False,none
TXN0003517,False,none
TXN0006604,False,none
TXN0002938,False,none
TXN0005718,False,none
TXN0000231,False,none
TXN0010820,False,none
TXN0010097,False,none
TXN0002630,False,none
TXN0006061,False,none
TXN0000537,False,none
TXN0009290,False,none
TXN0007748,False,none
TXN0000103,False,none
TXN0006996,False,none
TXN0002271,False,none
TXN0009063,False,none
TXN0005465,False,none
TXN0010626,False,none
TXN0001223,False,none
TXN0006856,False,none
TXN0011583,False,none
TXN0010602,False,none
TXN0003000,False,none
TXN0002052,False,none
TXN0011008,False,none
TXN0008178,False,none
TXN0008047,False,none
TXN0011889,False,none
TXN0011398,False,none
TXN0008345,False,none
TXN0005442,False,none
TXN0000784,False,none
TXN0008693,False,none
TXN0005414,False,none
TXN0006519,False,none
TXN0005592,False,none
TXN0005260,False,none
TXN0000047,False,none
TXN0010004,False,none
TXN0007739,False,none
TXN0001808,False,none
TXN0005672,False,none
TXN0007282,False,none
TXN0011130,False,none
TXN0011643,False,none
TXN0002356,False,none
TXN0007729,False,none
TXN0001741,False,none
TXN0002824,False,none
TXN0000222,False,none
TXN0000665,False,none
TXN0009905,False,none
TXN0007840,False,none
TXN0006279,False,none
TXN0004667,False,none
TXN0005921,False,none
TXN0003049,False,none
TXN0003501,False,none
TXN0005701,False,none
TXN0006301,False,none
TXN0011017,False,none
TXN0000273,False,none
TXN0010674,False,none
TXN0009724,False,none
TXN0006644,False,none
TXN0006188,False,none
TXN0004935,False,none
TXN0007524,False,none
TXN0006449,False,none
TXN0010443,False,none
TXN0007042,False,none
TXN0002543,False,none
TXN0008322,False,none
TXN0001562,False,none
TXN0000461,False,none
TXN0000704,False,none
TXN0001395,False,none
TXN0005128,False,none
TXN0005687,False,none
TXN0010711,False,none
TXN0001408,False,none
TXN0001483,False,none
TXN0007942,False,none
TXN0005576,False,none
TXN0000331,False,none
TXN0010601,False,none
TXN0006608,False,none
TXN0009470,False,none
TXN0002276,False,none
TXN0008611,False,none
TXN0004718,False,none
TXN0010200,False,none
TXN0006201,False,none
TXN0002316,False,none
TXN0001055,False,none
TXN0006807,False,none
TXN0005031,False,none
TXN0011939,False,none
TXN0000055,False,none
TXN0004229,False,none
TXN0011683,False,none
TXN0008156,False,none
TXN0008619,False,none
TXN0003538,False,none
TXN0007499,False,none
TXN0005393,False,none
TXN0000432,False,none
TXN0005745,False,none
TXN0001559,False,none
TXN0006045,False,none
TXN0011302,False,none
TXN0010072,False,none
TXN0011271,False,none
TXN0003482,False,none
TXN0005022,False,none
TXN0012106,False,lookalike_legit
TXN0009143,False,none
TXN0003404,False,none
TXN0010863,False,none
TXN0007292,False,none
TXN0010597,False,none
TXN0004999,False,none
TXN0011805,False,none
TXN0003344,False,none
TXN0010564,False,none
TXN0007491,False,none
TXN0009096,False,none
TXN0004585,False,none
TXN0006878,False,none
TXN0005024,False,none
TXN0011362,False,none
TXN0012045,True,velocity
TXN0010605,False,none
TXN0010929,False,none
TXN0012081,True,high_risk_geo
TXN0004386,False,none
TXN0011705,False,none
TXN0003237,False,none
TXN0002462,False,none
TXN0003889,False,none
TXN0000194,False,none
TXN0001579,False,none
TXN0011760,False,none
TXN0009732,False,none
TXN0009373,False,none
TXN0008685,False,none
TXN0002482,False,none
TXN0004352,False,none
TXN0003438,False,none
TXN0011559,False,none
TXN0002970,False,none
TXN0009312,False,none
TXN0004625,False,none
TXN0003196,False,none
TXN0003860,False,none
TXN0004310,False,none
TXN0004431,False,none
TXN0007890,False,none
TXN0005120,False,none
TXN0007489,False,none
TXN0006324,False,none
TXN0006611,False,none
TXN0012128,False,lookalike_legit
TXN0005896,False,none
TXN0011652,False,none
TXN0004370,False,none
TXN0009019,False,none
TXN0005631,False,none
TXN0005835,False,none
TXN0007206,False,none
TXN0011294,False,none
TXN0000876,False,none
TXN0010373,False,none
TXN0008752,False,none
TXN0007144,False,none
TXN0007269,False,none
TXN0002613,False,none
TXN0001085,False,none
TXN0002879,False,none
TXN0004706,False,none
TXN0011316,False,none
TXN0003938,False,none
TXN0005349,False,none
TXN0007568,False,none
TXN0003058,False,none
TXN0000878,False,none
TXN0011843,False,none
TXN0007844,False,none
TXN0001918,False,none
TXN0002647,False,none
TXN0007783,False,none
TXN0005273,False,none
TXN0002894,False,none
TXN0001690,False,none
TXN0000602,False,none
TXN0007335,False,none
TXN0008173,False,none
TXN0002145,False,none
TXN0009674,False,none
TXN0011172,False,none
TXN0004388,False,none
TXN0010516,False,none
TXN0010212,False,none
TXN0004514,False,none
TXN0000761,False,none
TXN0009015,False,none
TXN0006520,False,none
TXN0007328,False,none
TXN0007350,False,none
TXN0005337,False,none
TXN0010998,False,none
TXN0005685,False,none
TXN0002182,False,none
TXN0009522,False,none
TXN0008215,False,none
TXN0001159,False,none
TXN0006523,False,none
TXN0003377,False,none
TXN0010992,False,none
TXN0009365,False,none
TXN0001722,False,none
TXN0001668,False,none
TXN0010087,False,none
TXN0005108,False,none
TXN0008152,False,none
TXN0005908,False,none
TXN0011146,False,none
TXN0000201,False,none
TXN0006547,False,none
TXN0001814,False,none
TXN0001837,False,none
TXN0000560,False,none
TXN0002299,False,none
TXN0003967,False,none
TXN0002483,False,none
TXN0010348,False,none
TXN0004464,False,none
TXN0010736,False,none
TXN0005308,False,none
TXN0007970,False,none
TXN0009109,False,none
TXN0003596,False,none
TXN0002261,False,none
TXN0011422,False,none
TXN0006249,False,none
TXN0002141,False,none
TXN0008040,False,none
TXN0008034,False,none
TXN0005344,False,none
TXN0009457,False,none
TXN0011985,True,structuring
TXN0004314,False,none
TXN0008806,False,none
TXN0006051,False,none
TXN0008613,False,none
TXN0003109,False,none
TXN0000413,False,none
TXN0001916,False,none
TXN0004657,False,none
TXN0010606,False,none
TXN0004106,False,none
TXN0001924,False,none
TXN0009945,False,none
TXN0002040,False,none
TXN0000468,False,none
TXN0011434,False,none
TXN0011313,False,none
TXN0002797,False,none
TXN0006371,False,none
TXN0002009,False,none
TXN0005184,False,none
TXN0008242,False,none
TXN0000785,False,none
TXN0011753,False,none
TXN0000198,False,none
TXN0006989,False,none
TXN0008663,False,none
TXN0000958,False,none
TXN0003440,False,none
TXN0009226,False,none
TXN0005967,False,none
TXN0000766,False,none
TXN0011957,False,none
TXN0001502,False,none
TXN0010848,False,none
TXN0010283,False,none
TXN0007109,False,none
TXN0011106,False,none
TXN0010706,False,none
TXN0000420,False,none
TXN0008718,False,none
TXN0004586,False,none
TXN0003786,False,none
TXN0010731,False,none
TXN0004443,False,none
TXN0006142,False,none
TXN0005715,False,none
TXN0011491,False,none
TXN0006309,False,none
TXN0010579,False,none
TXN0011685,False,none
TXN0005925,False,none
TXN0011090,False,none
TXN0011716,False,none
TXN0009438,False,none
TXN0001851,False,none
TXN0003698,False,none
TXN0007560,False,none
TXN0004493,False,none
TXN0001811,False,none
TXN0004960,False,none
TXN0003447,False,none
TXN0010225,False,none
TXN0008770,False,none
TXN0003260,False,none
TXN0005831,False,none
TXN0010087,False,none
TXN0005712,False,none
TXN0004802,False,none
TXN0006394,False,none
TXN0000475,False,none
TXN0005686,False,none
TXN0005999,False,none
TXN0006063,False,none
TXN0000535,False,none
TXN0000032,False,none
TXN0004715,False,none
TXN0008577,False,none
TXN0006450,False,none
TXN0010876,False,none
TXN0001715,False,none
TXN0005275,False,none
TXN0007046,False,none
TXN0008289,False,none
TXN0011208,False,none
TXN0006837,False,none
TXN0009672,False,none
TXN0002419,False,none
TXN0007931,False,none
TXN0009061,False,none
TXN0002794,False,none
TXN0001511,False,none
TXN0005922,False,none
TXN0003177,False,none
TXN0008113,False,none
TXN0009462,False,none
TXN0002217,False,none
TXN0007275,False,none
TXN0001177,False,none
TXN0009250,False,none
TXN0003773,False,none
TXN0002806,False,none
TXN0007200,False,none
TXN0010096,False,none
TXN0006107,False,none
TXN0004280,False,none
TXN0000271,False,none
TXN0005336,False,none
TXN0009726,False,none
TXN0005385,False,none
TXN0001873,False,none
TXN0011758,False,none
TXN0002661,False,none
TXN0011694,False,none
TXN0000371,False,none
TXN0001387,False,none
TXN0010828,False,none
TXN0000365,False,none
TXN0006883,False,none
TXN0010797,False,none
TXN0004013,False,none
TXN0004507,False,none
TXN0004609,False,none
TXN0002776,False,none
TXN0009271,False,none
TXN0010525,False,none
TXN0008911,False,none
TXN0009603,False,none
TXN0004616,False,none
TXN0004051,False,none
TXN0005205,False,none
TXN0009660,False,none
TXN0011572,False,none
TXN0008837,False,none
TXN0011804,False,none
TXN0005474,False,none
TXN0006875,False,none
TXN0003483,False,none
TXN0003461,False,none
TXN0010380,False,none
TXN0006898,False,none
TXN0001345,False,none
TXN0010812,False,none
TXN0009419,False,none
TXN0003731,False,none
TXN0011865,False,none
TXN0001523,False,none
TXN0001208,False,none
TXN0009813,False,none
TXN0000520,False,none
TXN0010603,False,none
TXN0005727,False,none
TXN0004812,False,none
TXN0000970,False,none
TXN0005061,False,none
TXN0000707,False,none
TXN0004769,False,none
TXN0002369,False,none
TXN0011797,False,none
TXN0010389,False,none
TXN0004932,False,none
TXN0010466,False,none
TXN0007242,False,none
TXN0009796,False,none
TXN0006244,False,none
TXN0011879,False,none
TXN0000528,False,none
TXN0011053,False,none
TXN0004595,False,none
TXN0004923,False,none
TXN0007627,False,none
TXN0003550,False,none
TXN0004454,False,none
TXN0010776,False,none
TXN0001135,False,none
TXN0004307,False,none
TXN0001603,False,none
TXN0007527,False,none
TXN0011910,False,none
TXN0005504,False,none
TXN0000595,False,none
TXN0001294,False,none
TXN0006069,False,none
TXN0001708,False,none
TXN0009485,False,none
TXN0012035,True,velocity
TXN0004100,False,none
TXN0006098,False,none
TXN0004323,False,none
TXN0003728,False,none
TXN0005295,False,none
TXN0006671,False,none
TXN0002495,False,none
TXN0001681,False,none
TXN0007130,False,none
TXN0008435,False,none
TXN0009320,False,none
TXN0009597,False,none
TXN0011028,False,none
TXN0007590,False,none
TXN0001150,False,none
TXN0007845,False,none
TXN0008407,False,none
TXN0010531,False,none
TXN0004677,False,none
TXN0006447,False,none
TXN0001308,False,none
TXN0001885,False,none
TXN0004047,False,none
TXN0007270,False,none
TXN0000430,False,none
TXN0005798,False,none
TXN0007657,False,none
TXN0001968,False,none
TXN0009346,False,none
TXN0002711,False,none
TXN0005211,False,none
TXN0003920,False,none
TXN0008261,False,none
TXN0000220,False,none
TXN0011752,False,none
TXN0007965,False,none
TXN0002472,False,none
TXN0009738,False,none
TXN0010555,False,none
TXN0007957,False,none
TXN0008581,False,none
TXN0010645,False,none
TXN0001140,False,none
TXN0002880,False,none
TXN0008108,False,none
TXN0002008,False,none
TXN0009258,False,none
TXN0008898,False,none
TXN0006784,False,none
TXN0002666,False,none
TXN0005121,False,none
TXN0007468,False,none
TXN0009722,False,none
TXN0009056,False,none
TXN0002815,False,none
TXN0010984,False,none
TXN0011674,False,none
TXN0006328,False,none
TXN0001246,False,none
TXN0003056,False,none
TXN0006635,False,none
TXN0000867,False,none
TXN0002795,False,none
TXN0002804,False,none
TXN0009754,False,none
TXN0003893,False,none
TXN0002819,False,none
TXN0009704,False,none
TXN0004035,False,none
TXN0007040,False,none
TXN0006215,False,none
TXN0009768,False,none
TXN0001818,False,none
TXN0003551,False,none
TXN0000209,False,none
TXN0010962,False,none
TXN0009033,False,none
TXN0002552,False,none
TXN0010178,False,none
TXN0009148,False,none
TXN0001112,False,none
TXN0007888,False,none
TXN0005027,False,none
TXN0000492,False,none
TXN0009142,False,none
TXN0003473,False,none
TXN0001692,False,none
TXN0000256,False,none
TXN0003809,False,none
TXN0003053,False,none
TXN0005516,False,none
TXN0000940,False,none
TXN0002038,False,none
TXN0009959,False,none
TXN0001664,False,none
TXN0004755,False,none
TXN0008952,False,none
TXN0002954,False,none
TXN0006698,False,none
TXN0011934,False,none
TXN0009420,False,none
TXN0009174,False,none
TXN0009871,False,none
TXN0005092,False,none
TXN0007882,False,none
TXN0009305,False,none
TXN0007217,False,none
TXN0008247,False,none
TXN0001081,False,none
TXN0005191,False,none
TXN0000898,False,none
TXN0009327,False,none
TXN0010502,False,none
TXN0010526,False,none
TXN0000061,False,none
TXN0011409,False,none
TXN0008401,False,none
TXN0003129,False,none
TXN0003142,False,none
TXN0007023,False,none
TXN0001707,False,none
TXN0006571,False,none
TXN0002129,False,none
TXN0006539,False,none
TXN0004537,False,none
TXN0001581,False,none
TXN0008627,False,none
TXN0011455,False,none
TXN0005012,False,none
TXN0005938,False,none
TXN0008594,False,none
TXN0008140,False,none
TXN0007176,False,none
TXN0009487,False,none
TXN0008937,False,none
TXN0006911,False,none
TXN0009119,False,none
TXN0007014,False,none
TXN0002929,False,none
TXN0001898,False,none
TXN0002706,False,none
TXN0001023,False,none
TXN0007894,False,none
TXN0011051,False,none
TXN0010203,False,none
TXN0003742,False,none
TXN0010229,False,none
TXN0003650,False,none
TXN0010660,False,none
TXN0011348,False,none
TXN0004578,False,none
TXN0009115,False,none
TXN0004628,False,none
TXN0003454,False,none
TXN0009942,False,none
TXN0001993,False,none
TXN0003134,False,none
TXN0009052,False,none
TXN0002350,False,none
TXN0005095,False,none
TXN0003553,False,none
TXN0003117,False,none
TXN0005083,False,none
TXN0012058,True,velocity
TXN0008490,False,none
TXN0004676,False,none
TXN0006521,False,none
TXN0011098,False,none
TXN0007024,False,none
TXN0007166,False,none
TXN0004077,False,none
TXN0008686,False,none
TXN0005458,False,none
TXN0007750,False,none
TXN0003398,False,none
TXN0005781,False,none
TXN0002750,False,none
TXN0006300,False,none
TXN0007314,False,none
TXN0002930,False,none
TXN0007792,False,none
TXN0001621,False,none
TXN0005039,False,none
TXN0005098,False,none
TXN0001527,False,none
TXN0003062,False,none
TXN0010908,False,none
TXN0006009,False,none
TXN0000169,False,none
TXN0004319,False,none
TXN0010030,False,none
TXN0002741,False,none
TXN0010977,False,none
TXN0008288,False,none
TXN0004441,False,none
TXN0006656,False,none
TXN0003897,False,none
TXN0008478,False,none
TXN0005739,False,none
TXN0000101,False,none
TXN0005127,False,none
TXN0004533,False,none
TXN0009012,False,none
TXN0002616,False,none
TXN0003861,False,none
TXN0009319,False,none
TXN0001941,False,none
TXN0010902,False,none
TXN0005100,False,none
TXN0004078,False,none
TXN0005487,False,none
TXN0005080,False,none
TXN0001960,False,none
TXN0010122,False,none
TXN0006081,False,none
TXN0009489,False,none
TXN0009881,False,none
TXN0010756,False,none
TXN0000187,False,none
TXN0012005,True,velocity
TXN0011241,False,none
TXN0009355,False,none
TXN0004814,False,none
TXN0007380,False,none
TXN0005183,False,none
TXN0003016,False,none
TXN0011443,False,none
TXN0006321,False,none
TXN0009190,False,none
TXN0006361,False,none
TXN0001072,False,none
TXN0005319,False,none
TXN0005725,False,none
TXN0007011,False,none
TXN0005540,False,none
TXN0005688,False,none
TXN0004884,False,none
TXN0007234,False,none
TXN0000792,False,none
TXN0012056,True,velocity
TXN0000818,False,none
TXN0003419,False,none
TXN0008236,False,none
TXN0006086,False,none
TXN0002643,False,none
TXN0007052,False,none
TXN0003613,False,none
TXN0010548,False,none
TXN0011262,False,none
TXN0009798,False,none
TXN0000066,False,none
TXN0009310,False,none
TXN0003599,False,none
TXN0009001,False,none
TXN0009182,False,none
TXN0000664,False,none
TXN0003915,False,none
TXN0005123,False,none
TXN0009614,False,none
TXN0000787,False,none
TXN0005950,False,none
TXN0010816,False,none
TXN0005544,False,none
TXN0004426,False,none
TXN0007684,False,none
TXN0002347,False,none
TXN0011300,False,none
TXN0009789,False,none
TXN0006792,False,none
TXN0006942,False,none
TXN0006428,False,none
TXN0004779,False,none
TXN0007561,False,none
TXN0007387,False,none
TXN0009635,False,none
TXN0006066,False,none
TXN0008989,False,none
TXN0008462,False,none
TXN0004367,False,none
TXN0008219,False,none
TXN0006965,False,none
TXN0005090,False,none
TXN0001203,False,none
TXN0004727,False,none
TXN0003125,False,none
TXN0006310,False,none
TXN0005439,False,none
TXN0010917,False,none
TXN0004344,False,none
TXN0005628,False,none
TXN0003664,False,none
TXN0003895,False,none
TXN0001162,False,none
TXN0009982,False,none
TXN0007425,False,none
TXN0011055,False,none
TXN0002946,False,none
TXN0008023,False,none
TXN0012108,False,lookalike_legit
TXN0011765,False,none
TXN0008050,False,none
TXN0003943,False,none
TXN0003352,False,none
TXN0007237,False,none
TXN0003219,False,none
TXN0004427,False,none
TXN0005780,False,none
TXN0003797,False,none
TXN0006370,False,none
TXN0008506,False,none
TXN0011291,False,none
TXN0003701,False,none
TXN0006271,False,none
TXN0001728,False,none
TXN0004988,False,none
TXN0010445,False,none
TXN0008852,False,none
TXN0003652,False,none
TXN0010182,False,none
TXN0009610,False,none
TXN0009490,False,none
TXN0008080,False,none
TXN0003430,False,none
TXN0011869,False,none
TXN0000548,False,none
TXN0006085,False,none
TXN0005242,False,none
TXN0007247,False,none
TXN0009970,False,none
TXN0011912,False,none
TXN0007360,False,none
TXN0010438,False,none
TXN0006522,False,none
TXN0000606,False,none
TXN0009295,False,none
TXN0008114,False,none
TXN0009112,False,none
TXN0008306,False,none
TXN0009430,False,none
TXN0009079,False,none
TXN0009769,False,none
TXN0008346,False,none
TXN0012120,False,lookalike_legit
TXN0003229,False,none
TXN0005998,False,none
TXN0007681,False,none
TXN0000703,False,none
TXN0011240,False,none
TXN0003465,False,none
TXN0008572,False,none
TXN0005751,False,none
TXN0000017,False,none
TXN0010562,False,none
TXN0011911,False,none
TXN0005863,False,none
TXN0007446,False,none
TXN0010090,False,none
TXN0008602,False,none
TXN0011778,False,none
TXN0006169,False,none
TXN0001259,False,none
TXN0007869,False,none
TXN0001567,False,none
TXN0001908,False,none
TXN0002301,False,none
TXN0011270,False,none
TXN0008197,False,none
TXN0002945,False,none
TXN0005822,False,none
TXN0006800,False,none
TXN0002206,False,none
TXN0009883,False,none
TXN0010559,False,none
TXN0003775,False,none
TXN0007518,False,none
TXN0000647,False,none
TXN0010059,False,none
TXN0007428,False,none
TXN0001334,False,none
TXN0006384,False,none
TXN0004012,False,none
TXN0008684,False,none
TXN0004615,False,none
TXN0010281,False,none
TXN0009337,False,none
TXN0011640,False,none
TXN0000325,False,none
TXN0005276,False,none
TXN0010589,False,none
TXN0000755,False,none
TXN0009486,False,none
TXN0006208,False,none
TXN0000573,False,none
TXN0001615,False,none
TXN0012156,False,lookalike_legit
TXN0001295,False,none
TXN0009307,False,none
TXN0002348,False,none
TXN0003925,False,none
TXN0009069,False,none
TXN0006498,False,none
TXN0008055,False,none
TXN0001509,False,none
TXN0009150,False,none
TXN0010295,False,none
TXN0006915,False,none
TXN0006221,False,none
TXN0009821,False,none
TXN0008213,False,none
TXN0011613,False,none
TXN0001905,False,none
TXN0001688,False,none
TXN0008213,False,none
TXN0007245,False,none
TXN0002764,False,none
TXN0006511,False,none
TXN0004591,False,none
TXN0009169,False,none
TXN0000210,False,none
TXN0009978,False,none
TXN0000265,False,none
TXN0007486,False,none
TXN0010477,False,none
TXN0003702,False,none
TXN0011059,False,none
TXN0006104,False,none
TXN0002967,False,none
TXN0001625,False,none
TXN0010911,False,none
TXN0007902,False,none
TXN0002751,False,none
TXN0004347,False,none
TXN0006087,False,none
TXN0008459,False,none
TXN0002489,False,none
TXN0004968,False,none
TXN0005202,False,none
TXN0011693,False,none
TXN0003369,False,none
TXN0008328,False,none
TXN0001947,False,none
TXN0006564,False,none
TXN0006277,False,none
TXN0001907,False,none
TXN0006937,False,none
TXN0001709,False,none
TXN0004353,False,none
TXN0004175,False,none
TXN0002132,False,none
TXN0010454,False,none
TXN0006258,False,none
TXN0007454,False,none
TXN0001321,False,none
TXN0011544,False,none
TXN0010864,False,none
TXN0006020,False,none
TXN0002889,False,none
TXN0007650,False,none
TXN0001256,False,none
TXN0000150,False,none
TXN0001926,False,none
TXN0003581,False,none
TXN0008068,False,none
TXN0009292,False,none
TXN0004882,False,none
TXN0000498,False,none
TXN0003460,False,none
TXN0006111,False,none
TXN0005525,False,none
TXN0001845,False,none
TXN0011221,False,none
TXN0003061,False,none
TXN0002223,False,none
TXN0011078,False,none
TXN0010142,False,none
TXN0009912,False,none
TXN0000370,False,none
TXN0002088,False,none
TXN0004852,False,none
TXN0001547,False,none
TXN0003899,False,none
TXN0009016,False,none
TXN0006488,False,none
TXN0006143,False,none
TXN0008701,False,none
TXN0010476,False,none
TXN0006021,False,none
TXN0011374,False,none
TXN0011070,False,none
TXN0003523,False,none
TXN0008464,False,none
TXN0003184,False,none
TXN0006691,False,none
TXN0011275,False,none
TXN0006320,False,none
TXN0010985,False,none
TXN0000133,False,none
TXN0009236,False,none
TXN0003432,False,none
TXN0005196,False,none
TXN0011120,False,none
TXN0009557,False,none
TXN0011193,False,none
TXN0012041,True,velocity
TXN0005280,False,none
TXN0004495,False,none
TXN0003819,False,none
TXN0010813,False,none
TXN0007754,False,none
TXN0009761,False,none
TXN0002255,False,none
TXN0009314,False,none
TXN0011334,False,none
TXN0002114,False,none
TXN0000683,False,none
TXN0012071,True,high_risk_geo
TXN0001778,False,none
TXN0004088,False,none
TXN0008839,False,none
TXN0005195,False,none
TXN0002554,False,none
TXN0001260,False,none
TXN0011474,False,none
TXN0008713,False,none
TXN0000193,False,none
TXN0007061,False,none
TXN0006732,False,none
TXN0007592,False,none
TXN0002561,False,none
TXN0001679,False,none
TXN0005717,False,none
TXN0002410,False,none
TXN0011396,False,none
TXN0011686,False,none
TXN0006750,False,none
TXN0007680,False,none
TXN0004654,False,none
TXN0001747,False,none
TXN0011084,False,none
TXN0004059,False,none
TXN0000035,False,none
TXN0010276,False,none
TXN0002449,False,none
TXN0007625,False,none
TXN0000854,False,none
TXN0007180,False,none
TXN0007170,False,none
TXN0009248,False,none
TXN0010594,False,none
TXN0010825,False,none
TXN0008900,False,none
TXN0000135,False,none
TXN0009213,False,none
TXN0008778,False,none
TXN0003560,False,none
TXN0003206,False,none
TXN0003580,False,none
TXN0006134,False,none
TXN0001578,False,none
TXN0008046,False,none
TXN0008681,False,none
TXN0004589,False,none
TXN0003687,False,none
TXN0000364,False,none
TXN0009395,False,none
TXN0010354,False,none
TXN0010882,False,none
TXN0008434,False,none
TXN0003464,False,none
TXN0009526,False,none
TXN0010537,False,none
TXN0008773,False,none
TXN0007595,False,none
TXN0011128,False,none
TXN0005841,False,none
TXN0009537,False,none
TXN0008533,False,none
TXN0006442,False,none
TXN0007606,False,none
TXN0003283,False,none
TXN0006036,False,none
TXN0010844,False,none
TXN0005881,False,none
TXN0010253,False,none
TXN0001481,False,none
TXN0011345,False,none
TXN0009988,False,none
TXN0002773,False,none
TXN0002212,False,none
TXN0002555,False,none
TXN0010305,False,none
TXN0004420,False,none
TXN0004600,False,none
TXN0002681,False,none
TXN0003155,False,none
TXN0004343,False,none
TXN0003392,False,none
TXN0008090,False,none
TXN0002140,False,none
TXN0000036,False,none
TXN0008936,False,none
TXN0002514,False,none
TXN0010853,False,none
TXN0003091,False,none
TXN0001881,False,none
TXN0009532,False,none
TXN0003396,False,none
TXN0009556,False,none
TXN0001595,False,none
TXN0008302,False,none
TXN0002982,False,none
TXN0006416,False,none
TXN0000546,False,none
TXN0009330,False,none
TXN0005973,False,none
TXN0012130,False,lookalike_legit
TXN0001198,False,none
TXN0011248,False,none
TXN0011263,False,none
TXN0010880,False,none
TXN0001768,False,none
TXN0002214,False,none
TXN0010569,False,none
TXN0004014,False,none
TXN0007946,False,none
TXN0003725,False,none
TXN0001472,False,none
TXN0007448,False,none
TXN0004837,False,none
TXN0009042,False,none
TXN0000872,False,none
TXN0011795,False,none
TXN0001044,False,none
TXN0001743,False,none
TXN0011257,False,none
TXN0001116,False,none
TXN0009149,False,none
TXN0010809,False,none
TXN0005907,False,none
TXN0005949,False,none
TXN0000660,False,none
TXN0000977,False,none
TXN0011269,False,none
TXN0011736,False,none
TXN0010100,False,none
TXN0007055,False,none
TXN0005966,False,none
TXN0001071,False,none
TXN0002180,False,none
TXN0000217,False,none
TXN0009542,False,none
TXN0010629,False,none
TXN0006357,False,none
TXN0004056,False,none
TXN0008440,False,none
TXN0005500,False,none
TXN0000080,False,none
TXN0011800,False,none
TXN0003857,False,none
TXN0004829,False,none
TXN0011255,False,none
TXN0000575,False,none
TXN0000961,False,none
TXN0000566,False,none
TXN0000906,False,none
TXN0009797,False,none
TXN0007616,False,none
TXN0011321,False,none
TXN0006808,False,none
TXN0007816,False,none
TXN0009135,False,none
TXN0008532,False,none
TXN0003862,False,none
TXN0004361,False,none
TXN0000003,False,none
TXN0007277,False,none
TXN0006651,False,none
TXN0003232,False,none
TXN0008360,False,none
TXN0001329,False,none
TXN0002344,False,none
TXN0001278,False,none
TXN0002733,False,none
TXN0010561,False,none
TXN0003531,False,none
TXN0009242,False,none
TXN0008853,False,none
TXN0000313,False,none
TXN0008315,False,none
TXN0001823,False,none
TXN0000651,False,none
TXN0007083,False,none
TXN0000172,False,none
TXN0004194,False,none
TXN0000089,False,none
TXN0005774,False,none
TXN0006044,False,none
TXN0001751,False,none
TXN0005994,False,none
TXN0000679,False,none
TXN0010994,False,none
TXN0000786,False,none
TXN0006395,False,none
TXN0005705,False,none
TXN0010834,False,none
TXN0009828,False,none
TXN0006330,False,none
TXN0011741,False,none
TXN0007960,False,none
TXN0002547,False,none
TXN0010110,False,none
TXN0002285,False,none
TXN0003269,False,none
TXN0002911,False,none
TXN0001858,False,none
TXN0011287,False,none
TXN0000363,False,none
TXN0009296,False,none
TXN0006783,False,none
TXN0008135,False,none
TXN0011226,False,none
TXN0008960,False,none
TXN0002231,False,none
TXN0008011,False,none
TXN0002506,False,none
TXN0004929,False,none
TXN0006269,False,none
TXN0010164,False,none
TXN0006940,False,none
TXN0010838,False,none
TXN0004145,False,none
TXN0005608,False,none
TXN0002710,False,none
TXN0006988,False,none
TXN0002382,False,none
TXN0011521,False,none
TXN0011145,False,none
TXN0004424,False,none
TXN0001471,False,none
TXN0008534,False,none
TXN0010869,False,none
TXN0009559,False,none
TXN0004804,False,none
TXN0009535,False,none
TXN0008387,False,none
TXN0006477,False,none
TXN0005839,False,none
TXN0002280,False,none
TXN0004980,False,none
TXN0004587,False,none
TXN0005616,False,none
TXN0011425,False,none
TXN0000593,False,none
TXN0009811,False,none
TXN0004102,False,none
TXN0011875,False,none
TXN0008166,False,none
TXN0000638,False,none
TXN0010374,False,none
TXN0009368,False,none
TXN0001989,False,none
TXN0009544,False,none
TXN0009093,False,none
TXN0000294,False,none
TXN0009875,False,none
TXN0002639,False,none
TXN0005660,False,none
TXN0000132,False,none
TXN0003270,False,none
TXN0002578,False,none
TXN0010165,False,none
TXN0006999,False,none
TXN0003717,False,none
TXN0009343,False,none
TXN0002942,False,none
TXN0009328,False,none
TXN0011862,False,none
TXN0008974,False,none
TXN0006148,False,none
TXN0000682,False,none
TXN0002413,False,none
TXN0005489,False,none
TXN0006026,False,none
TXN0011679,False,none
TXN0010055,False,none
TXN0010277,False,none
TXN0003930,False,none
TXN0000084,False,none
TXN0003910,False,none
TXN0002976,False,none
TXN0010939,False,none
TXN0008446,False,none
TXN0004954,False,none
TXN0009129,False,none
TXN0004905,False,none
TXN0005426,False,none
TXN0011516,False,none
TXN0001026,False,none
TXN0000454,False,none
TXN0001976,False,none
TXN0011556,False,none
TXN0010025,False,none
TXN0006062,False,none
TXN0009088,False,none
TXN0010002,False,none
TXN0001803,False,none
TXN0002892,False,none
TXN0009138,False,none
TXN0002536,False,none
TXN0002758,False,none
TXN0002757,False,none
TXN0006514,False,none
TXN0009134,False,none
TXN0002905,False,none
TXN0011973,True,structuring
TXN0011025,False,none
TXN0000503,False,none
TXN0008824,False,none
TXN0008270,False,none
TXN0010048,False,none
TXN0011751,False,none
TXN0008301,False,none
TXN0007168,False,none
TXN0003670,False,none
TXN0007142,False,none
TXN0008825,False,none
TXN0008928,False,none
TXN0000735,False,none
TXN0002256,False,none
TXN0002459,False,none
TXN0008732,False,none
TXN0010093,False,none
TXN0007487,False,none
TXN0008651,False,none
TXN0005613,False,none
TXN0005698,False,none
TXN0006835,False,none
TXN0010587,False,none
TXN0000972,False,none
TXN0001961,False,none
TXN0001060,False,none
TXN0000791,False,none
TXN0000617,False,none
TXN0004022,False,none
TXN0008664,False,none
TXN0003218,False,none
TXN0010691,False,none
TXN0004773,False,none
TXN0003708,False,none
TXN0007357,False,none
TXN0009911,False,none
TXN0000610,False,none
TXN0002739,False,none
TXN0004746,False,none
TXN0008726,False,none
TXN0002551,False,none
TXN0010404,False,none
TXN0008871,False,none
TXN0002916,False,none
TXN0005799,False,none
TXN0007121,False,none
TXN0005316,False,none
TXN0003631,False,none
TXN0003424,False,none
TXN0003942,False,none
TXN0002581,False,none
TXN0006084,False,none
TXN0011723,False,none
TXN0008283,False,none
TXN0000736,False,none
TXN0012121,False,lookalike_legit
TXN0005880,False,none
TXN0010398,False,none
TXN0006164,False,none
TXN0011359,False,none
TXN0004444,False,none
TXN0001462,False,none
TXN0000542,False,none
TXN0007388,False,none
TXN0010672,False,none
TXN0000836,False,none
TXN0010026,False,none
TXN0003362,False,none
TXN0011794,False,none
TXN0010899,False,none
TXN0010435,False,none
TXN0001293,False,none
TXN0010576,False,none
TXN0010050,False,none
TXN0003807,False,none
TXN0003991,False,none
TXN0004303,False,none
TXN0011126,False,none
TXN0011081,False,none
TXN0002321,False,none
TXN0008193,False,none
TXN0002251,False,none
TXN0010136,False,none
TXN0006821,False,none
TXN0011940,False,none
TXN0010439,False,none
TXN0010550,False,none
TXN0010952,False,none
TXN0005872,False,none
TXN0011976,True,structuring
TXN0007707,False,none
TXN0005629,False,none
TXN0005857,False,none
TXN0000147,False,none
TXN0000352,False,none
TXN0001534,False,none
TXN0001337,False,none
TXN0002714,False,none
TXN0006429,False,none
TXN0002752,False,none
TXN0007317,False,none
TXN0004279,False,none
TXN0007196,False,none
TXN0006909,False,none
TXN0011614,False,none
TXN0004529,False,none
TXN0003409,False,none
TXN0000247,False,none
TXN0010891,False,none
TXN0009963,False,none
TXN0005410,False,none
TXN0007683,False,none
TXN0001371,False,none
TXN0004335,False,none
TXN0002027,False,none
TXN0005346,False,none
TXN0011581,False,none
TXN0002913,False,none
TXN0004365,False,none
TXN0002813,False,none
TXN0003765,False,none
TXN0011403,False,none
TXN0000142,False,none
TXN0004571,False,none
TXN0008469,False,none
TXN0008583,False,none
TXN0000744,False,none
TXN0002818,False,none
TXN0002949,False,none
TXN0008163,False,none
TXN0003888,False,none
TXN0007918,False,none
TXN0003241,False,none
TXN0001522,False,none
TXN0011569,False,none
TXN0000368,False,none
TXN0009417,False,none
TXN0010246,False,none
TXN0003012,False,none
TXN0003431,False,none
TXN0008202,False,none
TXN0006738,False,none
TXN0000979,False,none
TXN0005066,False,none
TXN0011188,False,none
TXN0011999,True,velocity
TXN0001932,False,none
TXN0003539,False,none
TXN0000803,False,none
TXN0003805,False,none
TXN0000102,False,none
TXN0000594,False,none
TXN0002055,False,none
TXN0007730,False,none
TXN0002004,False,none
TXN0003734,False,none
TXN0011471,False,none
TXN0004807,False,none
TXN0012067,True,velocity
TXN0004132,False,none
TXN0001755,False,none
TXN0009564,False,none
TXN0007720,False,none
TXN0003747,False,none
TXN0003238,False,none
TXN0011663,False,none
TXN0002188,False,none
TXN0004342,False,none
TXN0009191,False,none
TXN0000524,False,none
TXN0011016,False,none
TXN0008070,False,none
TXN0007263,False,none
TXN0003342,False,none
TXN0010486,False,none
TXN0007610,False,none
TXN0008854,False,none
TXN0005475,False,none
TXN0003250,False,none
TXN0008594,False,none
TXN0005882,False,none
TXN0005398,False,none
TXN0006382,False,none
TXN0006406,False,none
TXN0004697,False,none
TXN0002927,False,none
TXN0001028,False,none
TXN0000964,False,none
TXN0000463,False,none
TXN0005170,False,none
TXN0008869,False,none
TXN0003620,False,none
TXN0005731,False,none
TXN0010607,False,none
TXN0008126,False,none
TXN0010455,False,none
TXN0004362,False,none
TXN0006787,False,none
TXN0011247,False,none
TXN0004190,False,none
TXN0002075,False,none
TXN0005851,False,none
TXN0002215,False,none
TXN0002596,False,none
TXN0009267,False,none
TXN0007294,False,none
TXN0002944,False,none
TXN0001717,False,none
TXN0012129,False,lookalike_legit
TXN0011828,False,none
TXN0001966,False,none
TXN0005026,False,none
TXN0001216,False,none
TXN0009682,False,none
TXN0000909,False,none
TXN0006672,False,none
TXN0001078,False,none
TXN0000026,False,none
TXN0010416,False,none
TXN0001511,False,none
TXN0000847,False,none
TXN0003207,False,none
TXN0002998,False,none
TXN0005495,False,none
TXN0003577,False,none
TXN0010769,False,none
TXN0011343,False,none
TXN0003952,False,none
TXN0011766,False,none
TXN0008368,False,none
TXN0006336,False,none
TXN0007456,False,none
TXN0002701,False,none
TXN0000267,False,none
TXN0003423,False,none
TXN0004226,False,none
TXN0011057,False,none
TXN0010068,False,none
TXN0000243,False,none
TXN0009453,False,none
TXN0011898,False,none
TXN0011517,False,none
TXN0001185,False,none
TXN0005343,False,none
TXN0002268,False,none
TXN0007751,False,none
TXN0007298,False,none
TXN0010080,False,none
TXN0002002,False,none
TXN0000467,False,none
TXN0010643,False,none
TXN0003394,False,none
TXN0007972,False,none
TXN0009158,False,none
TXN0004214,False,none
TXN0005562,False,none
TXN0004178,False,none
TXN0012061,True,velocity
TXN0011576,False,none
TXN0003417,False,none
TXN0001182,False,none
TXN0008574,False,none
TXN0007780,False,none
TXN0008815,False,none
TXN0003136,False,none
TXN0001957,False,none
TXN0009304,False,none
TXN0009402,False,none
TXN0009676,False,none
TXN0005118,False,none
TXN0007035,False,none
TXN0007637,False,none
TXN0007883,False,none
TXN0009357,False,none
TXN0001428,False,none
TXN0009152,False,none
TXN0002071,False,none
TXN0006911,False,none
TXN0010710,False,none
TXN0002328,False,none
TXN0010747,False,none
TXN0001350,False,none
TXN0008582,False,none
TXN0005140,False,none
TXN0011526,False,none
TXN0005129,False,none
TXN0002573,False,none
TXN0010926,False,none
TXN0001271,False,none
TXN0011925,False,none
TXN0003176,False,none
TXN0011611,False,none
TXN0006729,False,none
TXN0006744,False,none
TXN0001006,False,none
TXN0002738,False,none
TXN0000253,False,none
TXN0008844,False,none
TXN0003463,False,none
TXN0001348,False,none
TXN0008032,False,none
TXN0001635,False,none
TXN0008719,False,none
TXN0001738,False,none
TXN0010877,False,none
TXN0006162,False,none
TXN0004661,False,none
TXN0005001,False,none
TXN0000181,False,none
TXN0010144,False,none
TXN0010855,False,none
TXN0004611,False,none
TXN0005317,False,none
TXN0009887,False,none
TXN0008749,False,none
TXN0006638,False,none
TXN0000645,False,none
TXN0007447,False,none
TXN0008789,False,none
TXN0009596,False,none
TXN0008357,False,none
TXN0004179,False,none
TXN0008649,False,none
TXN0011237,False,none
TXN0000051,False,none
TXN0011694,False,none
TXN0006831,False,none
TXN0007047,False,none
TXN0005555,False,none
TXN0003323,False,none
TXN0010738,False,none
TXN0006819,False,none
TXN0011624,False,none
TXN0005146,False,none
TXN0008205,False,none
TXN0006725,False,none
TXN0012161,False,lookalike_legit
TXN0002154,False,none
TXN0005807,False,none
TXN0008354,False,none
TXN0007199,False,none
TXN0010763,False,none
TXN0010784,False,none
TXN0010316,False,none
TXN0009160,False,none
TXN0007536,False,none
TXN0003262,False,none
TXN0002695,False,none
TXN0004450,False,none
TXN0004170,False,none
TXN0009421,False,none
TXN0005190,False,none
TXN0002572,False,none
TXN0001449,False,none
TXN0008430,False,none
TXN0001551,False,none
TXN0002501,False,none
TXN0002956,False,none
TXN0005919,False,none
TXN0001243,False,none
TXN0006900,False,none
TXN0008840,False,none
TXN0007284,False,none
TXN0006270,False,none
TXN0002060,False,none
TXN0008832,False,none
TXN0004966,False,none
TXN0005291,False,none
TXN0002278,False,none
TXN0000059,False,none
TXN0003179,False,none
TXN0002786,False,none
TXN0006305,False,none
TXN0010328,False,none
TXN0002835,False,none
TXN0009902,False,none
TXN0006028,False,none
TXN0008549,False,none
TXN0001002,False,none
TXN0011160,False,none
TXN0001781,False,none
TXN0011711,False,none
TXN0000908,False,none
TXN0002115,False,none
TXN0002550,False,none
TXN0002152,False,none
TXN0009694,False,none
TXN0002238,False,none
TXN0011488,False,none
TXN0000082,False,none
TXN0000655,False,none
TXN0008997,False,none
TXN0008690,False,none
TXN0007686,False,none
TXN0004894,False,none
TXN0005375,False,none
TXN0001518,False,none
TXN0002652,False,none
TXN0004268,False,none
TXN0009026,False,none
TXN0002888,False,none
TXN0009324,False,none
TXN0008303,False,none
TXN0003420,False,none
TXN0003746,False,none
TXN0010213,False,none
TXN0004137,False,none
TXN0011948,False,none
TXN0010115,False,none
TXN0005036,False,none
TXN0000262,False,none
TXN0011994,True,velocity
TXN0006541,False,none
TXN0007552,False,none
TXN0009801,False,none
TXN0000403,False,none
TXN0010661,False,none
TXN0005654,False,none
TXN0010953,False,none
TXN0011446,False,none
TXN0007143,False,none
TXN0003003,False,none
TXN0011641,False,none
TXN0001490,False,none
TXN0011030,False,none
TXN0009211,False,none
TXN0001388,False,none
TXN0009593,False,none
TXN0011621,False,none
TXN0007308,False,none
TXN0002184,False,none
TXN0006289,False,none
TXN0008348,False,none
TXN0000866,False,none
TXN0002713,False,none
TXN0009435,False,none
TXN0011303,False,none
TXN0011922,False,none
TXN0002395,False,none
TXN0007290,False,none
TXN0006317,False,none
TXN0011790,False,none
TXN0002564,False,none
TXN0006504,False,none
TXN0000236,False,none
TXN0000355,False,none
TXN0006903,False,none
TXN0001613,False,none
TXN0010932,False,none
TXN0002540,False,none
TXN0006553,False,none
TXN0010938,False,none
TXN0009234,False,none
TXN0001029,False,none
TXN0003772,False,none
TXN0004177,False,none
TXN0009958,False,none
TXN0004291,False,none
TXN0006495,False,none
TXN0006994,False,none
TXN0011550,False,none
TXN0010689,False,none
TXN0006745,False,none
TXN0002435,False,none
TXN0007321,False,none
TXN0011945,False,none
TXN0011969,True,structuring
TXN0004976,False,none
TXN0005779,False,none
TXN0009722,False,none
TXN0000941,False,none
TXN0007613,False,none
TXN0009762,False,none
TXN0001003,False,none
TXN0010704,False,none
TXN0002544,False,none
TXN0007698,False,none
TXN0001319,False,none
TXN0004868,False,none
TXN0001394,False,none
TXN0002155,False,none
TXN0004569,False,none
TXN0003557,False,none
TXN0010974,False,none
TXN0005584,False,none
TXN0009779,False,none
TXN0004045,False,none
TXN0001638,False,none
TXN0010885,False,none
TXN0010289,False,none
TXN0003281,False,none
TXN0010685,False,none
TXN0008189,False,none
TXN0007509,False,none
TXN0010687,False,none
TXN0004983,False,none
TXN0001032,False,none
TXN0000949,False,none
TXN0008149,False,none
TXN0005952,False,none
TXN0009390,False,none
TXN0000093,False,none
TXN0008165,False,none
TXN0010392,False,none
TXN0006702,False,none
TXN0007647,False,none
TXN0003579,False,none
TXN0006912,False,none
TXN0002329,False,none
TXN0005632,False,none
TXN0002133,False,none
TXN0000388,False,none
TXN0005403,False,none
TXN0003737,False,none
TXN0008148,False,none
TXN0002934,False,none
TXN0001756,False,none
TXN0010280,False,none
TXN0007985,False,none
TXN0009118,False,none
TXN0009427,False,none
TXN0003437,False,none
TXN0008728,False,none
TXN0003293,False,none
TXN0000043,False,none
TXN0009458,False,none
TXN0007255,False,none
TXN0003691,False,none
TXN0000993,False,none
TXN0008888,False,none
TXN0007492,False,none
TXN0002991,False,none
TXN0000342,False,none
TXN0002293,False,none
TXN0004483,False,none
TXN0001189,False,none
TXN0011597,False,none
TXN0008616,False,none
TXN0005513,False,none
TXN0005318,False,none
TXN0001175,False,none
TXN0000479,False,none
TXN0004297,False,none
TXN0007241,False,none
TXN0011638,False,none
TXN0011338,False,none
TXN0004543,False,none
TXN0004788,False,none
TXN0000580,False,none
TXN0004025,False,none
TXN0008803,False,none
TXN0010260,False,none
TXN0008523,False,none
TXN0007175,False,none
TXN0008243,False,none
TXN0002367,False,none
TXN0005256,False,none
TXN0008666,False,none
TXN0005413,False,none
TXN0006089,False,none
TXN0009606,False,none
TXN0002012,False,none
TXN0002668,False,none
TXN0001458,False,none
TXN0008781,False,none
TXN0003322,False,none
TXN0002500,False,none
TXN0001228,False,none
TXN0008110,False,none
TXN0001620,False,none
TXN0002409,False,none
TXN0000185,False,none
TXN0008516,False,none
TXN0010134,False,none
TXN0006533,False,none
TXN0006410,False,none
TXN0003331,False,none
TXN0008092,False,none
TXN0006566,False,none
TXN0008632,False,none
TXN0007049,False,none
TXN0002465,False,none
TXN0005069,False,none
TXN0004990,False,none
TXN0003052,False,none
TXN0010371,False,none
TXN0006374,False,none
TXN0010768,False,none
TXN0003141,False,none
TXN0003375,False,none
TXN0002279,False,none
TXN0001180,False,none
TXN0010782,False,none
TXN0002024,False,none
TXN0007725,False,none
TXN0004938,False,none
TXN0001653,False,none
TXN0008512,False,none
TXN0002169,False,none
TXN0008845,False,none
TXN0005248,False,none
TXN0006573,False,none
TXN0008365,False,none
TXN0004899,False,none
TXN0007988,False,none
TXN0004821,False,none
TXN0003380,False,none
TXN0009341,False,none
TXN0004143,False,none
TXN0007974,False,none
TXN0006073,False,none
TXN0007722,False,none
TXN0001911,False,none
TXN0000746,False,none
TXN0008330,False,none
TXN0005471,False,none
TXN0007639,False,none
TXN0009731,False,none
TXN0002213,False,none
TXN0008380,False,none
TXN0011155,False,none
TXN0008021,False,none
TXN0003468,False,none
TXN0004883,False,none
TXN0003233,False,none
TXN0009960,False,none
TXN0004906,False,none
TXN0008384,False,none
TXN0012141,False,lookalike_legit
TXN0011352,False,none
TXN0000585,False,none
TXN0008237,False,none
TXN0002181,False,none
TXN0002362,False,none
TXN0008588,False,none
TXN0005992,False,none
TXN0010851,False,none
TXN0003124,False,none
TXN0004909,False,none
TXN0011935,False,none
TXN0007719,False,none
TXN0011266,False,none
TXN0005719,False,none
TXN0008838,False,none
TXN0004519,False,none
TXN0011645,False,none
TXN0009423,False,none
TXN0004220,False,none
TXN0010180,False,none
TXN0002498,False,none
TXN0004764,False,none
TXN0000340,False,none
TXN0002332,False,none
TXN0007383,False,none
TXN0008137,False,none
TXN0003210,False,none
TXN0009272,False,none
TXN0003253,False,none
TXN0007374,False,none
TXN0007901,False,none
TXN0004312,False,none
TXN0010592,False,none
TXN0002994,False,none
TXN0001383,False,none
TXN0007646,False,none
TXN0006936,False,none
TXN0011512,False,none
TXN0004463,False,none
TXN0005573,False,none
TXN0002446,False,none
TXN0006490,False,none
TXN0006664,False,none
TXN0008665,False,none
TXN0003657,False,none
TXN0001172,False,none
TXN0000698,False,none
TXN0001316,False,none
TXN0010099,False,none
TXN0007741,False,none
TXN0000418,False,none
TXN0007344,False,none
TXN0011011,False,none
TXN0007575,False,none
TXN0008892,False,none
TXN0005030,False,none
TXN0006593,False,none
TXN0008977,False,none
TXN0002399,False,none
TXN0006701,False,none
TXN0002959,False,none
TXN0004034,False,none
TXN0007250,False,none
TXN0004867,False,none
TXN0007715,False,none
TXN0002359,False,none
TXN0007087,False,none
TXN0011173,False,none
TXN0011324,False,none
TXN0005199,False,none
TXN0003194,False,none
TXN0007586,False,none
TXN0004559,False,none
TXN0007198,False,none
TXN0003515,False,none
TXN0007212,False,none
TXN0003569,False,none
TXN0000122,False,none
TXN0007632,False,none
TXN0001795,False,none
TXN0004797,False,none
TXN0009018,False,none
TXN0002662,False,none
TXN0001445,False,none
TXN0006386,False,none
TXN0002265,False,none
TXN0000272,False,none
TXN0005604,False,none
TXN0007992,False,none
TXN0011972,True,structuring
TXN0003555,False,none
TXN0007353,False,none
TXN0000646,False,none
TXN0003227,False,none
TXN0004417,False,none
TXN0009157,False,none
TXN0000182,False,none
TXN0008361,False,none
TXN0011956,False,none
TXN0010656,False,none
TXN0001144,False,none
TXN0003288,False,none
TXN0000690,False,none
TXN0004639,False,none
TXN0002137,False,none
TXN0012088,True,layering
TXN0004225,False,none
TXN0005055,False,none
TXN0003093,False,none
TXN0006969,False,none
TXN0001639,False,none
TXN0004260,False,none
TXN0005262,False,none
TXN0000530,False,none
TXN0008698,False,none
TXN0011007,False,none
TXN0009503,False,none
TXN0004838,False,none
TXN0002093,False,none
TXN0004744,False,none
TXN0004526,False,none
TXN0006364,False,none
TXN0000826,False,none
TXN0009020,False,none
TXN0006072,False,none
TXN0001168,False,none
TXN0005566,False,none
TXN0011665,False,none
TXN0005023,False,none
TXN0002992,False,none
TXN0006803,False,none
TXN0000661,False,none
TXN0008049,False,none
TXN0011260,False,none
TXN0010094,False,none
TXN0009216,False,none
TXN0010737,False,none
TXN0011033,False,none
TXN0005520,False,none
TXN0003246,False,none
TXN0002762,False,none
TXN0006591,False,none
TXN0001407,False,none
TXN0000257,False,none
TXN0012147,False,lookalike_legit
TXN0011549,False,none
TXN0006149,False,none
TXN0008408,False,none
TXN0001051,False,none
TXN0006492,False,none
TXN0008162,False,none
TXN0006594,False,none
TXN0007414,False,none
TXN0003228,False,none
TXN0008757,False,none
TXN0011776,False,none
TXN0006605,False,none
TXN0006146,False,none
TXN0002875,False,none
TXN0004523,False,none
TXN0011717,False,none
TXN0004756,False,none
TXN0004827,False,none
TXN0010815,False,none
TXN0006944,False,none
TXN0004823,False,none
TXN0006527,False,none
TXN0001870,False,none
TXN0003448,False,none
TXN0004699,False,none
TXN0003633,False,none
TXN0002718,False,none
TXN0007947,False,none
TXN0008246,False,none
TXN0009401,False,none
TXN0008915,False,none
TXN0003500,False,none
TXN0000821,False,none
TXN0004674,False,none
TXN0001137,False,none
TXN0010032,False,none
TXN0010722,False,none
TXN0005995,False,none
TXN0003075,False,none
TXN0001145,False,none
TXN0000087,False,none
TXN0006053,False,none
TXN0011129,False,none
TXN0005228,False,none
TXN0007864,False,none
TXN0000813,False,none
TXN0001122,False,none
TXN0006057,False,none
TXN0006659,False,none
TXN0006589,False,none
TXN0003157,False,none
TXN0011191,False,none
TXN0005521,False,none
TXN0004327,False,none
TXN0003388,False,none
TXN0004193,False,none
TXN0000440,False,none
TXN0005542,False,none
TXN0011721,False,none
TXN0010388,False,none
TXN0005928,False,none
TXN0011060,False,none
TXN0006600,False,none
TXN0002743,False,none
TXN0001649,False,none
TXN0002300,False,none
TXN0001641,False,none
TXN0005541,False,none
TXN0008138,False,none
TXN0010520,False,none
TXN0004184,False,none
TXN0004965,False,none
TXN0005832,False,none
TXN0009309,False,none
TXN0004148,False,none
TXN0005565,False,none
TXN0008321,False,none
TXN0002151,False,none
TXN0005355,False,none
TXN0009475,False,none
TXN0002343,False,none
TXN0006373,False,none
TXN0001160,False,none
TXN0006676,False,none
TXN0009167,False,none
TXN0010304,False,none
TXN0009197,False,none
TXN0001493,False,none
TXN0006610,False,none
TXN0007090,False,none
TXN0003785,False,none
TXN0005814,False,none
TXN0005244,False,none
TXN0012110,False,lookalike_legit
TXN0000384,False,none
TXN0009201,False,none
TXN0009686,False,none
TXN0006603,False,none
TXN0005093,False,none
TXN0007184,False,none
TXN0007692,False,none
TXN0002445,False,none
TXN0002507,False,none
TXN0009081,False,none
TXN0004015,False,none
TXN0006636,False,none
TXN0006510,False,none
TXN0010558,False,none
TXN0008379,False,none
TXN0001206,False,none
TXN0001809,False,none
TXN0001292,False,none
TXN0010796,False,none
TXN0002425,False,none
TXN0003046,False,none
TXN0007936,False,none
TXN0002767,False,none
TXN0003305,False,none
TXN0009461,False,none
TXN0001431,False,none
TXN0010467,False,none
TXN0004332,False,none
TXN0003709,False,none
TXN0000053,False,none
TXN0009233,False,none
TXN0002203,False,none
TXN0006160,False,none
TXN0005102,False,none
TXN0011553,False,none
TXN0002811,False,none
TXN0011900,False,none
TXN0001448,False,none
TXN0007413,False,none
TXN0003212,False,none
TXN0003326,False,none
TXN0011568,False,none
TXN0011472,False,none
TXN0000372,False,none
TXN0010458,False,none
TXN0003987,False,none
TXN0002248,False,none
TXN0006058,False,none
TXN0008794,False,none
TXN0006662,False,none
TXN0011179,False,none
TXN0002836,False,none
TXN0003883,False,none
TXN0001372,False,none
TXN0002542,False,none
TXN0009222,False,none
TXN0008813,False,none
TXN0002574,False,none
TXN0004652,False,none
TXN0003814,False,none
TXN0005941,False,none
TXN0007229,False,none
TXN0002224,False,none
TXN0010955,False,none
TXN0002700,False,none
TXN0009661,False,none
TXN0011947,False,none
TXN0011141,False,none
TXN0008629,False,none
TXN0009640,False,none
TXN0005357,False,none
TXN0002521,False,none
TXN0002865,False,none
TXN0005797,False,none
TXN0003026,False,none
TXN0002125,False,none
TXN0002420,False,none
TXN0007903,False,none
TXN0007291,False,none
TXN0004246,False,none
TXN0011575,False,none
TXN0006102,False,none
TXN0009728,False,none
TXN0005840,False,none
TXN0008924,False,none
TXN0009098,False,none
TXN0001927,False,none
TXN0008971,False,none
TXN0000874,False,none
TXN0008171,False,none
TXN0011360,False,none
TXN0011920,False,none
TXN0011485,False,none
TXN0000719,False,none
TXN0001111,False,none
TXN0010749,False,none
TXN0003311,False,none
TXN0005100,False,none
TXN0008295,False,none
TXN0008172,False,none
TXN0000829,False,none
TXN0012122,False,lookalike_legit
TXN0007794,False,none
TXN0008279,False,none
TXN0001041,False,none
TXN0010098,False,none
TXN0001335,False,none
TXN0006902,False,none
TXN0006677,False,none
TXN0007920,False,none
TXN0006219,False,none
TXN0007211,False,none
TXN0008007,False,none
TXN0000942,False,none
TXN0007907,False,none
TXN0002861,False,none
TXN0002098,False,none
TXN0006117,False,none
TXN0011038,False,none
TXN0007895,False,none
TXN0004784,False,none
TXN0001324,False,none
TXN0001955,False,none
TXN0001252,False,none
TXN0001184,False,none
TXN0000999,False,none
TXN0011336,False,none
TXN0002259,False,none
TXN0007638,False,none
TXN0002779,False,none
TXN0006665,False,none
TXN0006830,False,none
TXN0000887,False,none
TXN0007135,False,none
TXN0003642,False,none
TXN0006375,False,none
TXN0006167,False,none
TXN0000968,False,none
TXN0004408,False,none
TXN0000570,False,none
TXN0004552,False,none
TXN0011551,False,none
TXN0011493,False,none
TXN0003957,False,none
TXN0011756,False,none
TXN0005378,False,none
TXN0009456,False,none
TXN0010724,False,none
TXN0011280,False,none
TXN0000825,False,none
TXN0009025,False,none
TXN0000921,False,none
TXN0003658,False,none
TXN0011230,False,none
TXN0003319,False,none
TXN0000012,False,none
TXN0011955,False,none
TXN0005988,False,none
TXN0005338,False,none
TXN0003097,False,none
TXN0004557,False,none
TXN0004036,False,none
TXN0005768,False,none
TXN0005188,False,none
TXN0002747,False,none
TXN0006930,False,none
TXN0002229,False,none
TXN0007596,False,none
TXN0001190,False,none
TXN0005755,False,none
TXN0011433,False,none
TXN0011700,False,none
TXN0011451,False,none
TXN0002354,False,none
TXN0001312,False,none
TXN0004798,False,none
TXN0011406,False,none
TXN0006992,False,none
TXN0007640,False,none
TXN0011094,False,none
TXN0001873,False,none
TXN0008707,False,none
TXN0011329,False,none
TXN0008812,False,none
TXN0002504,False,none
TXN0002324,False,none
TXN0002628,False,none
TXN0003576,False,none
TXN0009394,False,none
TXN0002530,False,none
TXN0010847,False,none
TXN0005479,False,none
TXN0007933,False,none
TXN0010271,False,none
TXN0005826,False,none
TXN0003723,False,none
TXN0002007,False,none
TXN0010357,False,none
TXN0006927,False,none
TXN0002225,False,none
TXN0010167,False,none
TXN0010678,False,none
TXN0004945,False,none
TXN0003913,False,none
TXN0009329,False,none
TXN0002006,False,none
TXN0005380,False,none
TXN0006311,False,none
TXN0001454,False,none
TXN0009371,False,none
TXN0009144,False,none
TXN0001362,False,none
TXN0007037,False,none
TXN0007677,False,none
TXN0005286,False,none
TXN0011688,False,none
TXN0011030,False,none
TXN0004693,False,none
TXN0005502,False,none
TXN0008499,False,none
TXN0004748,False,none
TXN0008336,False,none
TXN0010530,False,none
TXN0006815,False,none
TXN0000138,False,none
TXN0004067,False,none
TXN0010978,False,none
TXN0002885,False,none
TXN0001824,False,none
TXN0006970,False,none
TXN0009241,False,none
TXN0010940,False,none
TXN0008257,False,none
TXN0011234,False,none
TXN0008904,False,none
TXN0002001,False,none
TXN0001770,False,none
TXN0006963,False,none
TXN0005540,False,none
TXN0007195,False,none
TXN0005037,False,none
TXN0010570,False,none
TXN0006845,False,none
TXN0011315,False,none
TXN0007618,False,none
TXN0007207,False,none
TXN0003911,False,none
TXN0003776,False,none
TXN0009308,False,none
TXN0004395,False,none
TXN0008544,False,none
TXN0007437,False,none
TXN0004156,False,none
TXN0006380,False,none
TXN0002455,False,none
TXN0009770,False,none
TXN0000064,False,none
TXN0006212,False,none
TXN0000966,False,none
TXN0007583,False,none
TXN0006326,False,none
TXN0006953,False,none
TXN0011299,False,none
TXN0001427,False,none
TXN0001850,False,none
TXN0006400,False,none
TXN0008185,False,none
TXN0006255,False,none
TXN0006218,False,none
TXN0004128,False,none
TXN0010621,False,none
TXN0000688,False,none
TXN0000727,False,none
TXN0009011,False,none
TXN0003970,False,none
TXN0009812,False,none
TXN0008819,False,none
TXN0003637,False,none
TXN0003231,False,none
TXN0004275,False,none
TXN0008267,False,none
TXN0009386,False,none
TXN0009549,False,none
TXN0004481,False,none
TXN0000796,False,none
TXN0009021,False,none
TXN0010963,False,none
TXN0005557,False,none
TXN0007397,False,none
TXN0000589,False,none
TXN0002202,False,none
TXN0002442,False,none
TXN0011655,False,none
TXN0011863,False,none
TXN0010662,False,none
TXN0007322,False,none
TXN0001711,False,none
TXN0004549,False,none
TXN0002064,False,none
TXN0004173,False,none
TXN0001102,False,none
TXN0008151,False,none
TXN0009710,False,none
TXN0006426,False,none
TXN0003894,False,none
TXN0009376,False,none
TXN0003486,False,none
TXN0008692,False,none
TXN0004859,False,none
TXN0009914,False,none
TXN0002219,False,none
TXN0001965,False,none
TXN0009941,False,none
TXN0004160,False,none
TXN0003412,False,none
TXN0005144,False,none
TXN0011967,True,structuring
TXN0004265,False,none
TXN0002620,False,none
TXN0010535,False,none
TXN0004101,False,none
TXN0003188,False,none
TXN0008863,False,none
TXN0005424,False,none
TXN0001075,False,none
TXN0000834,False,none
TXN0003307,False,none
TXN0002443,False,none
TXN0009192,False,none
TXN0006302,False,none
TXN0000045,False,none
TXN0011199,False,none
TXN0002659,False,none
TXN0005263,False,none
TXN0005050,False,none
TXN0007893,False,none
TXN0008356,False,none
TXN0007838,False,none
TXN0009573,False,none
TXN0002844,False,none
TXN0001010,False,none
TXN0000085,False,none
TXN0012010,True,velocity
TXN0004701,False,none
TXN0007139,False,none
TXN0003391,False,none
TXN0010583,False,none
TXN0000441,False,none
TXN0010912,False,none
TXN0000264,False,none
TXN0005867,False,none
TXN0000230,False,none
TXN0010385,False,none
TXN0005511,False,none
TXN0003422,False,none
TXN0002729,False,none
TXN0009930,False,none
TXN0009929,False,none
TXN0006368,False,none
TXN0002787,False,none
TXN0005359,False,none
TXN0008859,False,none
TXN0011399,False,none
TXN0000125,False,none
TXN0010181,False,none
TXN0010000,False,none
TXN0010536,False,none
TXN0010429,False,none
TXN0007169,False,none
TXN0000896,False,none
TXN0004440,False,none
TXN0007952,False,none
TXN0010286,False,none
TXN0011184,False,none
TXN0000510,False,none
TXN0007227,False,none
TXN0006945,False,none
TXN0007246,False,none
TXN0000734,False,none
TXN0001270,False,none
TXN0005979,False,none
TXN0005833,False,none
TXN0011592,False,none
TXN0011288,False,none
TXN0005162,False,none
TXN0009944,False,none
TXN0000504,False,none
TXN0000315,False,none
TXN0005710,False,none
TXN0010056,False,none
TXN0010788,False,none
TXN0010492,False,none
TXN0004895,False,none
TXN0000318,False,none
TXN0001247,False,none
TXN0000044,False,none
TXN0011769,False,none
TXN0007381,False,none
TXN0004658,False,none
TXN0001698,False,none
TXN0000767,False,none
TXN0004562,False,none
TXN0006297,False,none
TXN0009218,False,none
TXN0007095,False,none
TXN0007063,False,none
TXN0008255,False,none
TXN0004558,False,none
TXN0010384,False,none
TXN0010552,False,none
TXN0011924,False,none
TXN0000072,False,none
TXN0007781,False,none
TXN0007075,False,none
TXN0000028,False,none
TXN0006096,False,none
TXN0002973,False,none
TXN0000042,False,none
TXN0011846,False,none
TXN0002559,False,none
TXN0006140,False,none
TXN0005360,False,none
TXN0009182,False,none
TXN0002372,False,none
TXN0005972,False,none
TXN0003544,False,none
TXN0001560,False,none
TXN0004690,False,none
TXN0006753,False,none
TXN0008772,False,none
TXN0006865,False,none
TXN0005005,False,none
TXN0008416,False,none
TXN0007940,False,none
TXN0003242,False,none
TXN0004464,False,none
TXN0001315,False,none
TXN0011768,False,none
TXN0000864,False,none
TXN0009683,False,none
TXN0005207,False,none
TXN0008486,False,none
TXN0003217,False,none
TXN0007822,False,none
TXN0002334,False,none
TXN0011707,False,none
TXN0005358,False,none
TXN0008917,False,none
TXN0005861,False,none
TXN0004865,False,none
TXN0006147,False,none
TXN0005386,False,none
TXN0004385,False,none
TXN0004113,False,none
TXN0002302,False,none
TXN0004914,False,none
TXN0006601,False,none
TXN0009626,False,none
TXN0005051,False,none
TXN0008470,False,none
TXN0000119,False,none
TXN0008127,False,none
TXN0002232,False,none
TXN0011831,False,none
TXN0006925,False,none
TXN0005869,False,none
TXN0001264,False,none
TXN0005340,False,none
TXN0005523,False,none
TXN0003662,False,none
TXN0008225,False,none
TXN0011539,False,none
TXN0006624,False,none
TXN0001906,False,none
TXN0008429,False,none
TXN0007619,False,none
TXN0009558,False,none
TXN0011284,False,none
TXN0007804,False,none
TXN0010506,False,none
TXN0003606,False,none
TXN0004564,False,none
TXN0004942,False,none
TXN0004651,False,none
TXN0004028,False,none
TXN0001441,False,none
TXN0004256,False,none
TXN0011609,False,none
TXN0002686,False,none
TXN0008382,False,none
TXN0004665,False,none
TXN0003984,False,none
TXN0001142,False,none
TXN0010732,False,none
TXN0007672,False,none
TXN0008028,False,none
TXN0009102,False,none
TXN0004429,False,none
TXN0010546,False,none
TXN0009832,False,none
TXN0002955,False,none
TXN0011918,False,none
TXN0003796,False,none
TXN0002490,False,none
TXN0000889,False,none
TXN0002310,False,none
TXN0011698,False,none
TXN0007700,False,none
TXN0001775,False,none
TXN0008578,False,none
TXN0012068,True,velocity
TXN0004200,False,none
TXN0006622,False,none
TXN0000772,False,none
TXN0003996,False,none
TXN0003455,False,none
TXN0001884,False,none
TXN0009582,False,none
TXN0000700,False,none
TXN0003285,False,none
TXN0011378,False,none
TXN0010076,False,none
TXN0002287,False,none
TXN0001627,False,none
TXN0009898,False,none
TXN0005543,False,none
TXN0000144,False,none
TXN0003583,False,none
TXN0001792,False,none
TXN0011637,False,none
TXN0008957,False,none
TXN0005876,False,none
TXN0008576,False,none
TXN0000776,False,none
TXN0001310,False,none
TXN0003509,False,none
TXN0005258,False,none
TXN0009409,False,none
TXN0006540,False,none
TXN0008501,False,none
TXN0006316,False,none
TXN0006082,False,none
TXN0004321,False,none
TXN0004023,False,none
TXN0002198,False,none
TXN0007465,False,none
TXN0007815,False,none
TXN0008006,False,none
TXN0001463,False,none
TXN0008467,False,none
TXN0010077,False,none
TXN0012085,True,high_risk_geo
TXN0010470,False,none
TXN0010729,False,none
TXN0011782,False,none
TXN0002062,False,none
TXN0001896,False,none
TXN0006439,False,none
TXN0010875,False,none
TXN0000048,False,none
TXN0002723,False,none
TXN0004187,False,none
TXN0011104,False,none
TXN0001191,False,none
TXN0000547,False,none
TXN0008901,False,none
TXN0005740,False,none
TXN0009667,False,none
TXN0006493,False,none
TXN0010971,False,none
TXN0000900,False,none
TXN0004454,False,none
TXN0004066,False,none
TXN0009418,False,none
TXN0001576,False,none
TXN0007674,False,none
TXN0001525,False,none
TXN0002121,False,none
TXN0003917,False,none
TXN0004655,False,none
TXN0004596,False,none
TXN0007482,False,none
TXN0006112,False,none
TXN0005331,False,none
TXN0003279,False,none
TXN0009625,False,none
TXN0010352,False,none
TXN0010231,False,none
TXN0008026,False,none
TXN0006251,False,none
TXN0003201,False,none
TXN0009835,False,none
TXN0000845,False,none
TXN0002585,False,none
TXN0010043,False,none
TXN0008673,False,none
TXN0010202,False,none
TXN0010251,False,none
TXN0005070,False,none
TXN0000561,False,none
TXN0007183,False,none
TXN0010393,False,none
TXN0009890,False,none
TXN0005054,False,none
TXN0008592,False,none
TXN0000882,False,none
TXN0001301,False,none
TXN0011121,False,none
TXN0003023,False,none
TXN0001640,False,none
TXN0006524,False,none
TXN0012002,True,velocity
TXN0000030,False,none
TXN0006879,False,none
TXN0001347,False,none
TXN0005363,False,none
TXN0003711,False,none
TXN0006906,False,none
TXN0007000,False,none
TXN0003622,False,none
TXN0006948,False,none
TXN0011347,False,none
TXN0005917,False,none
TXN0005148,False,none
TXN0004887,False,none
TXN0008543,False,none
TXN0012029,True,velocity
TXN0000763,False,none
TXN0010407,False,none
TXN0006303,False,none
TXN0008962,False,none
TXN0008291,False,none
TXN0002606,False,none
TXN0010106,False,none
TXN0007982,False,none
TXN0008333,False,none
TXN0010207,False,none
TXN0000280,False,none
TXN0003896,False,none
TXN0003766,False,none
TXN0010514,False,none
TXN0003277,False,none
TXN0005963,False,none
TXN0009113,False,none
TXN0009045,False,none
TXN0008206,False,none
TXN0007868,False,none
TXN0007582,False,none
TXN0009588,False,none
TXN0011307,False,none
TXN0006455,False,none
TXN0010961,False,none
TXN0005169,False,none
TXN0006499,False,none
TXN0009285,False,none
TXN0008679,False,none
TXN0003869,False,none
TXN0003220,False,none
TXN0008234,False,none
TXN0002193,False,none
TXN0012026,True,velocity
TXN0002587,False,none
TXN0007333,False,none
TXN0002850,False,none
TXN0007267,False,none
TXN0011435,False,none
TXN0009880,False,none
TXN0005172,False,none
TXN0007682,False,none
TXN0010484,False,none
TXN0005046,False,none
TXN0008714,False,none
TXN0003677,False,none
TXN0004104,False,none
TXN0004270,False,none
TXN0006383,False,none
TXN0001913,False,none
TXN0005464,False,none
TXN0005580,False,none
TXN0011331,False,none
TXN0011697,False,none
TXN0009591,False,none
TXN0010758,False,none
TXN0005742,False,none
TXN0006893,False,none
TXN0000005,False,none
TXN0008759,False,none
TXN0009857,False,none
TXN0000625,False,none
TXN0008645,False,none
TXN0010131,False,none
TXN0008668,False,none
TXN0011996,True,velocity
TXN0004649,False,none
TXN0010957,False,none
TXN0003611,False,none
TXN0006453,False,none
TXN0002690,False,none
TXN0009934,False,none
TXN0001155,False,none
TXN0008056,False,none
TXN0006445,False,none
TXN0002509,False,none
TXN0005753,False,none
TXN0006158,False,none
TXN0011995,True,velocity
TXN0011570,False,none
TXN0005619,False,none
TXN0011540,False,none
TXN0001897,False,none
TXN0006592,False,none
TXN0009340,False,none
TXN0007019,False,none
TXN0000569,False,none
TXN0002156,False,none
TXN0000226,False,none
TXN0000176,False,none
TXN0007012,False,none
TXN0002236,False,none
TXN0008810,False,none
TXN0009382,False,none
TXN0011096,False,none
TXN0002807,False,none
TXN0011626,False,none
TXN0006669,False,none
TXN0006577,False,none
TXN0003842,False,none
TXN0008524,False,none
TXN0004527,False,none
TXN0002553,False,none
TXN0003846,False,none
TXN0003095,False,none
TXN0005778,False,none
TXN0002092,False,none
TXN0003945,False,none
TXN0010010,False,none
TXN0002222,False,none
TXN0007660,False,none
TXN0005117,False,none
TXN0011730,False,none
TXN0008008,False,none
TXN0005621,False,none
TXN0008083,False,none
TXN0002527,False,none
TXN0011473,False,none
TXN0000237,False,none
TXN0001004,False,none
TXN0001894,False,none
TXN0008851,False,none
TXN0006680,False,none
TXN0003616,False,none
TXN0006405,False,none
TXN0001207,False,none
TXN0001779,False,none
TXN0003158,False,none
TXN0008761,False,none
TXN0011249,False,none
TXN0004489,False,none
TXN0005760,False,none
TXN0007551,False,none
TXN0009643,False,none
TXN0011878,False,none
TXN0008340,False,none
TXN0005866,False,none
TXN0006734,False,none
TXN0001783,False,none
TXN0003794,False,none
TXN0000935,False,none
TXN0011781,False,none
TXN0000531,False,none
TXN0009784,False,none
TXN0003084,False,none
TXN0008313,False,none
TXN0007106,False,none
TXN0010586,False,none
TXN0005097,False,none
TXN0009652,False,none
TXN0002227,False,none
TXN0010075,False,none
TXN0011938,False,none
TXN0000770,False,none
TXN0003114,False,none
TXN0011799,False,none
TXN0010292,False,none
TXN0006849,False,none
TXN0011930,False,none
TXN0006678,False,none
TXN0007093,False,none
TXN0002513,False,none
TXN0002391,False,none
TXN0011259,False,none
TXN0001539,False,none
TXN0007633,False,none
TXN0004739,False,none
TXN0002051,False,none
TXN0004364,False,none
TXN0004632,False,none
TXN0007096,False,none
TXN0008480,False,none
TXN0011974,True,structuring
TXN0002716,False,none
TXN0008214,False,none
TXN0000696,False,none
TXN0002842,False,none
TXN0003321,False,none
TXN0006017,False,none
TXN0001104,False,none
TXN0009255,False,none
TXN0010636,False,none
TXN0007747,False,none
TXN0007919,False,none
TXN0008087,False,none
TXN0004560,False,none
TXN0010101,False,none
TXN0011733,False,none
TXN0003529,False,none
TXN0008866,False,none
TXN0004792,False,none
TXN0002096,False,none
TXN0008748,False,none
TXN0001376,False,none
TXN0004723,False,none
TXN0008850,False,none
TXN0006639,False,none
TXN0002323,False,none
TXN0004007,False,none
TXN0004269,False,none
TXN0006643,False,none
TXN0006741,False,none
TXN0005647,False,none
TXN0002207,False,none
TXN0004556,False,none
TXN0011203,False,none
TXN0010446,False,none
TXN0005350,False,none
TXN0003878,False,none
TXN0002691,False,none
TXN0008117,False,none
TXN0001194,False,none
TXN0001997,False,none
TXN0003239,False,none
TXN0011369,False,none
TXN0012023,True,velocity
TXN0007736,False,none
TXN0004806,False,none
TXN0002398,False,none
TXN0011201,False,none
TXN0004041,False,none
TXN0005630,False,none
TXN0011629,False,none
TXN0011735,False,none
TXN0001064,False,none
TXN0010120,False,none
TXN0002322,False,none
TXN0008187,False,none
TXN0008427,False,none
TXN0000996,False,none
TXN0009527,False,none
TXN0010610,False,none
TXN0006570,False,none
TXN0002313,False,none
TXN0005714,False,none
TXN0000291,False,none
TXN0007827,False,none
TXN0007549,False,none
TXN0008723,False,none
TXN0004518,False,none
TXN0001130,False,none
TXN0004831,False,none
TXN0009078,False,none
TXN0009424,False,none
TXN0007056,False,none
TXN0004243,False,none
TXN0010092,False,none
TXN0010118,False,none
TXN0009375,False,none
TXN0007193,False,none
TXN0004631,False,none
TXN0009035,False,none
TXN0001415,False,none
TXN0009243,False,none
TXN0004453,False,none
TXN0003153,False,none
TXN0003415,False,none
TXN0004354,False,none
TXN0007203,False,none
TXN0005993,False,none
TXN0004629,False,none
TXN0004753,False,none
TXN0005770,False,none
TXN0002887,False,none
TXN0003853,False,none
TXN0012150,False,lookalike_legit
TXN0001996,False,none
TXN0009594,False,none
TXN0005149,False,none
TXN0008045,False,none
TXN0008721,False,none
TXN0007989,False,none
TXN0012009,True,velocity
TXN0001429,False,none
TXN0005911,False,none
TXN0005078,False,none
TXN0005096,False,none
TXN0002632,False,none
TXN0000552,False,none
TXN0008946,False,none
TXN0002754,False,none
TXN0004357,False,none
TXN0006340,False,none
TXN0001558,False,none
TXN0006025,False,none
TXN0011764,False,none
TXN0000166,False,none
TXN0005077,False,none
TXN0005626,False,none
TXN0003099,False,none
TXN0009638,False,none
TXN0008564,False,none
TXN0011466,False,none
TXN0004120,False,none
TXN0003104,False,none
TXN0009782,False,none
TXN0008889,False,none
TXN0000508,False,none
TXN0009709,False,none
TXN0004974,False,none
TXN0003556,False,none
TXN0005094,False,none
TXN0008527,False,none
TXN0003929,False,none
TXN0004232,False,none
TXN0001735,False,none
TXN0009381,False,none
TXN0006432,False,none
TXN0002474,False,none
TXN0003186,False,none
TXN0000577,False,none
TXN0010302,False,none
TXN0000451,False,none
TXN0010524,False,none
TXN0002617,False,none
TXN0007678,False,none
TXN0011528,False,none
TXN0002590,False,none
TXN0002597,False,none
TXN0000995,False,none
TXN0011968,True,structuring
TXN0004131,False,none
TXN0007232,False,none
TXN0008327,False,none
TXN0001838,False,none
TXN0001267,False,none
TXN0009781,False,none
TXN0006515,False,none
TXN0003736,False,none
TXN0005342,False,none
TXN0000027,False,none
TXN0000759,False,none
TXN0011923,False,none
TXN0010318,False,none
TXN0011816,False,none
TXN0001375,False,none
TXN0007630,False,none
TXN0005313,False,none
TXN0007441,False,none
TXN0004653,False,none
TXN0006247,False,none
TXN0008317,False,none
TXN0006252,False,none
TXN0011252,False,none
TXN0007369,False,none
TXN0003236,False,none
TXN0007151,False,none
TXN0003377,False,none
TXN0000419,False,none
TXN0011780,False,none
TXN0001791,False,none
TXN0003673,False,none
TXN0006877,False,none
TXN0003002,False,none
TXN0004081,False,none
TXN0006478,False,none
TXN0007415,False,none
TXN0006054,False,none
TXN0008680,False,none
TXN0010551,False,none
TXN0005819,False,none
TXN0007997,False,none
TXN0006176,False,none
TXN0009215,False,none
TXN0001550,False,none
TXN0011706,False,none
TXN0002901,False,none
TXN0002972,False,none
TXN0000605,False,none
TXN0000717,False,none
TXN0005965,False,none
TXN0009499,False,none
TXN0002161,False,none
TXN0000015,False,none
TXN0003197,False,none
TXN0007837,False,none
TXN0003316,False,none
TXN0002082,False,none
TXN0007474,False,none
TXN0005084,False,none
TXN0003674,False,none
TXN0001359,False,none
TXN0002107,False,none
TXN0008284,False,none
TXN0002196,False,none
TXN0001657,False,none
TXN0010081,False,none
TXN0004501,False,none
TXN0002124,False,none
TXN0005870,False,none
TXN0001327,False,none
TXN0009612,False,none
TXN0001617,False,none
TXN0006781,False,none
TXN0004492,False,none
TXN0007027,False,none
TXN0005667,False,none
TXN0000565,False,none
TXN0008784,False,none
TXN0007939,False,none
TXN0000885,False,none
TXN0010007,False,none
TXN0003561,False,none
TXN0005658,False,none
TXN0009002,False,none
TXN0004345,False,none
TXN0004505,False,none
TXN0007800,False,none
TXN0007205,False,none
TXN0002037,False,none
TXN0001433,False,none
TXN0005398,False,none
TXN0005387,False,none
TXN0004318,False,none
TXN0008920,False,none
TXN0006205,False,none
TXN0008620,False,none
TXN0008074,False,none
TXN0007912,False,none
TXN0003688,False,none
TXN0006720,False,none
TXN0001944,False,none
TXN0008828,False,none
TXN0001542,False,none
TXN0003190,False,none
TXN0000571,False,none
TXN0001238,False,none
TXN0002869,False,none
TXN0011888,False,none
TXN0002496,False,none
TXN0009665,False,none
TXN0004972,False,none
TXN0002943,False,none
TXN0000002,False,none
TXN0005651,False,none
TXN0012140,False,lookalike_legit
TXN0001533,False,none
TXN0005448,False,none
TXN0009010,False,none
TXN0004565,False,none
TXN0007543,False,none
TXN0001272,False,none
TXN0003801,False,none
TXN0005569,False,none
TXN0002746,False,none
TXN0007504,False,none
TXN0006760,False,none
TXN0009141,False,none
TXN0006398,False,none
TXN0010973,False,none
TXN0010774,False,none
TXN0010936,False,none
TXN0002906,False,none
TXN0008793,False,none
TXN0010761,False,none
TXN0011063,False,none
TXN0000324,False,none
TXN0006470,False,none
TXN0008277,False,none
TXN0011958,False,none
TXN0003789,False,none
TXN0010243,False,none
TXN0005225,False,none
TXN0001009,False,none
TXN0008969,False,none
TXN0004761,False,none
TXN0004470,False,none
TXN0007877,False,none
TXN0000596,False,none
TXN0009064,False,none
TXN0003252,False,none
TXN0004442,False,none
TXN0001984,False,none
TXN0007334,False,none
TXN0005135,False,none
TXN0004185,False,none
TXN0011819,False,none
TXN0003131,False,none
TXN0009036,False,none
TXN0000616,False,none
TXN0002403,False,none
TXN0004009,False,none
TXN0011580,False,none
TXN0003875,False,none
TXN0005252,False,none
TXN0001115,False,none
TXN0002989,False,none
TXN0004103,False,none
TXN0004711,False,none
TXN0010411,False,none
TXN0011813,False,none
TXN0011763,False,none
TXN0006077,False,none
TXN0008768,False,none
TXN0008461,False,none
TXN0010924,False,none
TXN0004413,False,none
TXN0007033,False,none
TXN0011906,False,none
TXN0006266,False,none
TXN0004313,False,none
TXN0005898,False,none
TXN0003595,False,none
TXN0006050,False,none
TXN0006497,False,none
TXN0003660,False,none
TXN0009429,False,none
TXN0011137,False,none
TXN0009089,False,none
TXN0011748,False,none
TXN0010459,False,none
TXN0001806,False,none
TXN0002210,False,none
TXN0005815,False,none
TXN0003837,False,none
TXN0002917,False,none
TXN0006947,False,none
TXN0000817,False,none
TXN0001582,False,none
TXN0003758,False,none
TXN0006157,False,none
TXN0010191,False,none
TXN0002034,False,none
TXN0003590,False,none
TXN0009451,False,none
TXN0005652,False,none
TXN0005830,False,none
TXN0002083,False,none
TXN0010772,False,none
TXN0009984,False,none
TXN0004729,False,none
TXN0002974,False,none
TXN0008615,False,none
TXN0006901,False,none
TXN0000208,False,none
TXN0002928,False,none
TXN0004907,False,none
TXN0006538,False,none
TXN0000252,False,none
TXN0004026,False,none
TXN0007759,False,none
TXN0004881,False,none
TXN0010623,False,none
TXN0009848,False,none
TXN0006537,False,none
TXN0000190,False,none
TXN0010422,False,none
TXN0009388,False,none
TXN0001646,False,none
TXN0010375,False,none
TXN0009756,False,none
TXN0009178,False,none
TXN0008921,False,none
TXN0010799,False,none
TXN0004548,False,none
TXN0005506,False,none
TXN0004754,False,none
TXN0001437,False,none
TXN0007539,False,none
TXN0005991,False,none
TXN0011150,False,none
TXN0000423,False,none
TXN0000279,False,none
TXN0006986,False,none
TXN0004197,False,none
TXN0010773,False,none
TXN0002283,False,none
TXN0011142,False,none
TXN0005109,False,none
TXN0010089,False,none
TXN0003259,False,none
TXN0011018,False,none
TXN0010237,False,none
TXN0004105,False,none
TXN0007480,False,none
TXN0008495,False,none
TXN0008894,False,none
TXN0005524,False,none
TXN0004064,False,none
TXN0006334,False,none
TXN0005933,False,none
TXN0011564,False,none
TXN0006286,False,none
TXN0009506,False,none
TXN0009322,False,none
TXN0011798,False,none
TXN0005435,False,none
TXN0002874,False,none
TXN0004049,False,none
TXN0002381,False,none
TXN0005401,False,none
TXN0006409,False,none
TXN0010490,False,none
TXN0011044,False,none
TXN0006423,False,none
TXN0012082,True,high_risk_geo
TXN0010079,False,none
TXN0007188,False,none
TXN0001084,False,none
TXN0007770,False,none
TXN0005890,False,none
TXN0008098,False,none
TXN0007249,False,none
TXN0003047,False,none
TXN0000678,False,none
TXN0002526,False,none
TXN0007377,False,none
TXN0006163,False,none
TXN0008774,False,none
TXN0009101,False,none
TXN0002603,False,none
TXN0002339,False,none
TXN0008538,False,none
TXN0007082,False,none
TXN0010533,False,none
TXN0009297,False,none
TXN0001572,False,none
TXN0010204,False,none
TXN0005531,False,none
TXN0008039,False,none
TXN0008965,False,none
TXN0008724,False,none
TXN0009827,False,none
TXN0008194,False,none
TXN0004087,False,none
TXN0002922,False,none
TXN0004400,False,none
TXN0006404,False,none
TXN0011032,False,none
TXN0001340,False,none
TXN0002067,False,none
TXN0008661,False,none
TXN0012044,True,velocity
TXN0011775,False,none
TXN0008884,False,none
TXN0009065,False,none
TXN0009232,False,none
TXN0010355,False,none
TXN0010566,False,none
TXN0006551,False,none
TXN0003614,False,none
TXN0005255,False,none
TXN0008217,False,none
TXN0011767,False,none
TXN0004199,False,none
TXN0005133,False,none
TXN0000819,False,none
TXN0007194,False,none
TXN0003721,False,none
TXN0003656,False,none
TXN0005791,False,none
TXN0009037,False,none
TXN0003601,False,none
TXN0005756,False,none
TXN0006099,False,none
TXN0004575,False,none
TXN0000534,False,none
TXN0001846,False,none
TXN0008338,False,none
TXN0010465,False,none
TXN0004617,False,none
TXN0001476,False,none
TXN0011851,False,none
TXN0000748,False,none
TXN0001389,False,none
TXN0009171,False,none
TXN0005103,False,none
TXN0009810,False,none
TXN0003487,False,none
TXN0009760,False,none
TXN0004218,False,none
TXN0002353,False,none
TXN0006563,False,none
TXN0012146,False,lookalike_legit
TXN0002414,False,none
TXN0001204,False,none
TXN0000405,False,none
TXN0005114,False,none
TXN0000902,False,none
TXN0000932,False,none
TXN0000339,False,none
TXN0006853,False,none
TXN0008553,False,none
TXN0012131,False,lookalike_legit
TXN0004994,False,none
TXN0009996,False,none
TXN0008563,False,none
TXN0005646,False,none
TXN0008396,False,none
TXN0010184,False,none
TXN0009439,False,none
TXN0007601,False,none
TXN0003681,False,none
TXN0004057,False,none
TXN0004333,False,none
TXN0003083,False,none
TXN0011832,False,none
TXN0006363,False,none
TXN0011108,False,none
TXN0000141,False,none
TXN0000551,False,none
TXN0009447,False,none
TXN0001977,False,none
TXN0007813,False,none
TXN0004461,False,none
TXN0002315,False,none
TXN0000282,False,none
TXN0008881,False,none
TXN0003496,False,none
TXN0004074,False,none
TXN0000699,False,none
TXN0010565,False,none
TXN0005312,False,none
TXN0003490,False,none
TXN0001413,False,none
TXN0006397,False,none
TXN0004070,False,none
TXN0003478,False,none
TXN0007016,False,none
TXN0007785,False,none
TXN0005883,False,none
TXN0001364,False,none
TXN0002898,False,none
TXN0006234,False,none
TXN0002220,False,none
TXN0008945,False,none
TXN0007517,False,none
TXN0011729,False,none
TXN0002870,False,none
TXN0010037,False,none
TXN0004532,False,none
TXN0005920,False,none
TXN0004396,False,none
TXN0005695,False,none
TXN0003584,False,none
TXN0008865,False,none
TXN0007537,False,none
TXN0010137,False,none
TXN0003700,False,none
TXN0001930,False,none
TXN0012075,True,high_risk_geo
TXN0005636,False,none
TXN0003530,False,none
TXN0010568,False,none
TXN0000820,False,none
TXN0005958,False,none
TXN0001421,False,none
TXN0002985,False,none
TXN0001684,False,none
TXN0008132,False,none
TXN0004644,False,none
TXN0008174,False,none
TXN0003825,False,none
TXN0004375,False,none
TXN0010199,False,none
TXN0000415,False,none
TXN0001215,False,none
TXN0008657,False,none
TXN0002969,False,none
TXN0003985,False,none
TXN0006116,False,none
TXN0008143,False,none
TXN0000663,False,none
TXN0002304,False,none
TXN0011699,False,none
TXN0001943,False,none
TXN0009838,False,none
TXN0001465,False,none
TXN0001338,False,none
TXN0003832,False,none
TXN0003043,False,none
TXN0003449,False,none
TXN0001452,False,none
TXN0001512,False,none
TXN0007137,False,none
TXN0000960,False,none
TXN0003257,False,none
TXN0003318,False,none
TXN0000830,False,none
TXN0005659,False,none
TXN0009212,False,none
TXN0007092,False,none
TXN0010321,False,none
TXN0006079,False,none
TXN0008128,False,none
TXN0010805,False,none
TXN0006335,False,none
TXN0000014,False,none
TXN0002123,False,none
TXN0004570,False,none
TXN0002361,False,none
TXN0009364,False,none
TXN0003693,False,none
TXN0011286,False,none
TXN0005793,False,none
TXN0001076,False,none
TXN0010575,False,none
TXN0002673,False,none
TXN0002384,False,none
TXN0009824,False,none
TXN0007507,False,none
TXN0000852,False,none
TXN0008638,False,none
TXN0001420,False,none
TXN0011834,False,none
TXN0008979,False,none
TXN0001524,False,none
TXN0000351,False,none
TXN0003458,False,none
TXN0008186,False,none
TXN0002651,False,none
TXN0001988,False,none
TXN0011319,False,none
TXN0007732,False,none
TXN0002864,False,none
TXN0005454,False,none
TXN0008188,False,none
TXN0011848,False,none
TXN0011245,False,none
TXN0012101,True,layering
TXN0000512,False,none
TXN0005913,False,none
TXN0001828,False,none
TXN0000938,False,none
TXN0011154,False,none
TXN0004466,False,none
TXN0000533,False,none
TXN0004376,False,none
TXN0005977,False,none
TXN0011469,False,none
TXN0002867,False,none
TXN0010485,False,none
TXN0011277,False,none
TXN0004735,False,none
TXN0009814,False,none
TXN0000752,False,none
TXN0002823,False,none
TXN0009460,False,none
TXN0009392,False,none
TXN0000728,False,none
TXN0006312,False,none
TXN0004304,False,none
TXN0001919,False,none
TXN0011243,False,none
TXN0000321,False,none
TXN0006465,False,none
TXN0001716,False,none
TXN0003876,False,none
TXN0006810,False,none
TXN0005126,False,none
TXN0004018,False,none
TXN0000982,False,none
TXN0009628,False,none
TXN0009918,False,none
TXN0005496,False,none
TXN0008085,False,none
TXN0002363,False,none
TXN0001414,False,none
TXN0004044,False,none
TXN0002599,False,none
TXN0004348,False,none
TXN0008432,False,none
TXN0007941,False,none
TXN0005923,False,none
TXN0001357,False,none
TXN0009863,False,none
TXN0010683,False,none
TXN0012166,False,lookalike_legit
TXN0004898,False,none
TXN0000213,False,none
TXN0002528,False,none
TXN0005437,False,none
TXN0006882,False,none
TXN0004240,False,none
TXN0002727,False,none
TXN0001254,False,none
TXN0009000,False,none
TXN0000453,False,none
TXN0009416,False,none
TXN0009483,False,none
TXN0008798,False,none
TXN0003683,False,none
TXN0011456,False,none
TXN0000582,False,none
TXN0004703,False,none
TXN0007839,False,none
TXN0007789,False,none
TXN0001486,False,none
TXN0007879,False,none
TXN0008572,False,none
TXN0010637,False,none
TXN0009092,False,none
TXN0004834,False,none
TXN0006379,False,none
TXN0011975,True,structuring
TXN0000930,False,none
TXN0001279,False,none
TXN0011522,False,none
TXN0000765,False,none
TXN0007824,False,none
TXN0000335,False,none
TXN0009698,False,none
TXN0000904,False,none
TXN0004700,False,none
TXN0008241,False,none
TXN0007086,False,none
TXN0002980,False,none
TXN0002113,False,none
TXN0007501,False,none
TXN0001787,False,none
TXN0007712,False,none
TXN0007362,False,none
TXN0012144,False,lookalike_legit
TXN0011574,False,none
TXN0000527,False,none
TXN0008081,False,none
TXN0010387,False,none
TXN0007392,False,none
TXN0004149,False,none
TXN0009746,False,none
TXN0007809,False,none
TXN0000862,False,none
TXN0010904,False,none
TXN0008244,False,none
TXN0011049,False,none
TXN0009569,False,none
TXN0003263,False,none
TXN0004778,False,none
TXN0006248,False,none
TXN0001809,False,none
TXN0008457,False,none
TXN0002634,False,none
TXN0001461,False,none
TXN0006094,False,none
TXN0006998,False,none
TXN0010752,False,none
TXN0008203,False,none
TXN0011692,False,none
TXN0009203,False,none
TXN0011026,False,none
TXN0004694,False,none
TXN0001697,False,none
TXN0002247,False,none
TXN0004109,False,none
TXN0006494,False,none
TXN0011187,False,none
TXN0004055,False,none
TXN0010353,False,none
TXN0005496,False,none
TXN0002042,False,none
TXN0002940,False,none
TXN0000500,False,none
TXN0005278,False,none
TXN0010287,False,none
TXN0006584,False,none
TXN0008101,False,none
TXN0001893,False,none
TXN0007924,False,none
TXN0000078,False,none
TXN0001710,False,none
TXN0009518,False,none
TXN0007948,False,none
TXN0007873,False,none
TXN0008910,False,none
TXN0009237,False,none
TXN0008775,False,none
TXN0007585,False,none
TXN0009715,False,none
TXN0008933,False,none
TXN0008276,False,none
TXN0003467,False,none
TXN0012036,True,velocity
TXN0006030,False,none
TXN0003716,False,none
TXN0003330,False,none
TXN0000777,False,none
TXN0009817,False,none
TXN0009359,False,none
TXN0000742,False,none
TXN0002053,False,none
TXN0011190,False,none
TXN0010846,False,none
TXN0011618,False,none
TXN0001049,False,none
TXN0004742,False,none
TXN0003385,False,none
TXN0009509,False,none
TXN0006628,False,none
TXN0007434,False,none
TXN0011351,False,none
TXN0007069,False,none
TXN0008073,False,none
TXN0009578,False,none
TXN0005904,False,none
TXN0001553,False,none
TXN0002589,False,none
TXN0006467,False,none
TXN0010821,False,none
TXN0006971,False,none
TXN0001826,False,none
TXN0000326,False,none
TXN0011880,False,none
TXN0005113,False,none
TXN0011414,False,none
TXN0001915,False,none
TXN0002769,False,none
TXN0003255,False,none
TXN0001174,False,none
TXN0010522,False,none
TXN0004903,False,none
TXN0001731,False,none
TXN0002688,False,none
TXN0001088,False,none
TXN0007797,False,none
TXN0003149,False,none
TXN0003078,False,none
TXN0008305,False,none
TXN0011590,False,none
TXN0006178,False,none
TXN0001902,False,none
TXN0010990,False,none
TXN0005507,False,none
TXN0011885,False,none
TXN0002239,False,none
TXN0004734,False,none
TXN0005333,False,none
TXN0000794,False,none
TXN0001590,False,none
TXN0007708,False,none
TXN0011475,False,none
TXN0002841,False,none
TXN0006459,False,none
TXN0000599,False,none
TXN0007243,False,none
TXN0006132,False,none
TXN0005283,False,none
TXN0006683,False,none
TXN0009948,False,none
TXN0005903,False,none
TXN0007911,False,none
TXN0009895,False,none
TXN0012066,True,velocity
TXN0012091,True,layering
TXN0011381,False,none
TXN0005351,False,none
TXN0009634,False,none
TXN0003574,False,none
TXN0008060,False,none
TXN0003833,False,none
TXN0004749,False,none
TXN0000502,False,none
TXN0008787,False,none
TXN0002330,False,none
TXN0011806,False,none
TXN0011695,False,none
TXN0003719,False,none
TXN0001945,False,none
TXN0001540,False,none
TXN0002828,False,none
TXN0010419,False,none
TXN0011659,False,none
TXN0004774,False,none
TXN0001325,False,none
TXN0009952,False,none
TXN0005223,False,none
TXN0002702,False,none
TXN0002963,False,none
TXN0009318,False,none
TXN0002615,False,none
TXN0003804,False,none
TXN0011858,False,none
TXN0011073,False,none
TXN0002023,False,none
TXN0010297,False,none
TXN0004164,False,none
TXN0005682,False,none
TXN0009450,False,none
TXN0000612,False,none
TXN0008182,False,none
TXN0010970,False,none
TXN0005981,False,none
TXN0010665,False,none
TXN0010436,False,none
TXN0008005,False,none
TXN0003365,False,none
TXN0007320,False,none
TXN0010474,False,none
TXN0005775,False,none
TXN0006858,False,none
TXN0005982,False,none
TXN0002696,False,none
TXN0008573,False,none
TXN0004771,False,none
TXN0003750,False,none
TXN0004286,False,none
TXN0002653,False,none
TXN0007077,False,none
TXN0001265,False,none
TXN0008019,False,none
TXN0011827,False,none
TXN0002000,False,none
TXN0005243,False,none
TXN0003140,False,none
TXN0003209,False,none
TXN0011418,False,none
TXN0011453,False,none
TXN0000514,False,none
TXN0000721,False,none
TXN0011231,False,none
TXN0007354,False,none
TXN0008421,False,none
TXN0001436,False,none
TXN0011684,False,none
TXN0000807,False,none
TXN0000029,False,none
TXN0008053,False,none
TXN0004027,False,none
TXN0006653,False,none
TXN0004933,False,none
TXN0011407,False,none
TXN0001994,False,none
TXN0008930,False,none
TXN0010740,False,none
TXN0002408,False,none
TXN0002503,False,none
TXN0006661,False,none
TXN0002043,False,none
TXN0004610,False,none
TXN0006059,False,none
TXN0010130,False,none
TXN0007108,False,none
TXN0002029,False,none
TXN0011342,False,none
TXN0005013,False,none
TXN0001227,False,none
TXN0003453,False,none
TXN0010149,False,none
TXN0000067,False,none
TXN0010400,False,none
TXN0009935,False,none
TXN0004052,False,none
TXN0001571,False,none
TXN0003567,False,none
TXN0006414,False,none
TXN0009075,False,none
TXN0004459,False,none
TXN0008816,False,none
TXN0003510,False,none
TXN0004572,False,none
TXN0003699,False,none
TXN0004813,False,none
TXN0001318,False,none
TXN0007221,False,none
TXN0005706,False,none
TXN0009885,False,none
TXN0006452,False,none
TXN0001810,False,none
TXN0004869,False,none
TXN0004554,False,none
TXN0009571,False,none
TXN0000823,False,none
TXN0008521,False,none
TXN0002292,False,none
TXN0009552,False,none
TXN0002839,False,none
TXN0001255,False,none
TXN0007588,False,none
TXN0004210,False,none
TXN0003603,False,none
TXN0006136,False,none
TXN0000793,False,none
TXN0011219,False,none
TXN0000386,False,none
TXN0008671,False,none
TXN0000334,False,none
TXN0001137,False,none
TXN0006430,False,none
TXN0001161,False,none
TXN0003654,False,none
TXN0007214,False,none
TXN0004747,False,none
TXN0003168,False,none
TXN0012021,True,velocity
TXN0005461,False,none
TXN0000304,False,none
TXN0001017,False,none
TXN0001764,False,none
TXN0006562,False,none
TXN0006197,False,none
TXN0008075,False,none
TXN0002541,False,none
TXN0001074,False,none
TXN0011669,False,none
TXN0007458,False,none
TXN0000895,False,none
TXN0000835,False,none
TXN0010171,False,none
TXN0002570,False,none
TXN0010377,False,none
TXN0007951,False,none
TXN0000641,False,none
TXN0001423,False,none
TXN0012165,False,lookalike_legit
TXN0006550,False,none
TXN0009084,False,none
TXN0000526,False,none
TXN0007102,False,none
TXN0005820,False,none
TXN0000057,False,none
TXN0000260,False,none
TXN0006159,False,none
TXN0009170,False,none
TXN0005879,False,none
TXN0000105,False,none
TXN0005003,False,none
TXN0005348,False,none
TXN0004912,False,none
TXN0011297,False,none
TXN0006554,False,none
TXN0004308,False,none
TXN0009818,False,none
TXN0008829,False,none
TXN0000764,False,none
TXN0005226,False,none
TXN0010272,False,none
TXN0008634,False,none
TXN0003064,False,none
TXN0004236,False,none
TXN0001685,False,none
TXN0000179,False,none
TXN0000831,False,none
TXN0008145,False,none
TXN0010750,False,none
TXN0005493,False,none
TXN0008072,False,none
TXN0006420,False,none
TXN0008836,False,none
TXN0001817,False,none
TXN0004394,False,none
TXN0009923,False,none
TXN0001331,False,none
TXN0009504,False,none
TXN0006848,False,none
TXN0002833,False,none
TXN0001008,False,none
TXN0007821,False,none
TXN0004901,False,none
TXN0005142,False,none
TXN0000022,False,none
TXN0001453,False,none
TXN0010162,False,none
TXN0011391,False,none
TXN0007679,False,none
TXN0010345,False,none
TXN0009681,False,none
TXN0004165,False,none
TXN0009175,False,none
TXN0005301,False,none
TXN0000377,False,none
TXN0001530,False,none
TXN0007598,False,none
TXN0007826,False,none
TXN0001505,False,none
TXN0006272,False,none
TXN0007833,False,none
TXN0005014,False,none
TXN0007963,False,none
TXN0002364,False,none
TXN0000221,False,none
TXN0000258,False,none
TXN0008409,False,none
TXN0007999,False,none
TXN0007655,False,none
TXN0003771,False,none
TXN0001220,False,none
TXN0003619,False,none
TXN0011289,False,none
TXN0009752,False,none
TXN0000863,False,none
TXN0001528,False,none
TXN0000439,False,none
TXN0009872,False,none
TXN0008628,False,none
TXN0004803,False,none
TXN0006003,False,none
TXN0001149,False,none
TXN0006964,False,none
TXN0005164,False,none
TXN0006010,False,none
TXN0003121,False,none
TXN0003222,False,none
TXN0009673,False,none
TXN0010114,False,none
TXN0002290,False,none
TXN0010941,False,none
TXN0009352,False,none
TXN0006692,False,none
TXN0005369,False,none
TXN0005846,False,none
TXN0010619,False,none
TXN0000469,False,none
TXN0002126,False,none
TXN0006407,False,none
TXN0005664,False,none
TXN0006949,False,none
TXN0011946,False,none
TXN0004943,False,none
TXN0011600,False,none
TXN0010528,False,none
TXN0007981,False,none
TXN0010116,False,none
TXN0004484,False,none
TXN0001014,False,none
TXN0004663,False,none
TXN0002383,False,none
TXN0004684,False,none
TXN0008943,False,none
TXN0009670,False,none
TXN0010644,False,none
TXN0003735,False,none
TXN0010709,False,none
TXN0012143,False,lookalike_legit
TXN0006793,False,none
TXN0011264,False,none
TXN0005556,False,none
TXN0006501,False,none
TXN0003035,False,none
TXN0000079,False,none
TXN0009542,False,none
TXN0007756,False,none
TXN0011483,False,none
TXN0011633,False,none
TXN0010760,False,none
TXN0001330,False,none
TXN0006097,False,none
TXN0007525,False,none
TXN0001548,False,none
TXN0001860,False,none
TXN0003812,False,none
TXN0007565,False,none
TXN0007772,False,none
TXN0003175,False,none
TXN0000839,False,none
TXN0007603,False,none
TXN0001563,False,none
TXN0006105,False,none
TXN0005166,False,none
TXN0002993,False,none
TXN0000117,False,none
TXN0002780,False,none
TXN0009399,False,none
TXN0007319,False,none
TXN0002025,False,none
TXN0001212,False,none
TXN0007430,False,none
TXN0007452,False,none
TXN0008411,False,none
TXN0008323,False,none
TXN0000915,False,none
TXN0001573,False,none
TXN0010829,False,none
TXN0008807,False,none
TXN0010801,False,none
TXN0004531,False,none
TXN0003912,False,none
TXN0002031,False,none
TXN0002852,False,none
TXN0006765,False,none
TXN0001737,False,none
TXN0009969,False,none
TXN0003961,False,none
TXN0007178,False,none
TXN0007287,False,none
TXN0005874,False,none
TXN0008020,False,none
TXN0010785,False,none
TXN0010423,False,none
TXN0008905,False,none
TXN0005320,False,none
TXN0005679,False,none
TXN0000009,False,none
TXN0011253,False,none
TXN0000145,False,none
TXN0009383,False,none
TXN0004091,False,none
TXN0010198,False,none
TXN0007621,False,none
TXN0002641,False,none
TXN0004598,False,none
TXN0002921,False,none
TXN0009437,False,none
TXN0011552,False,none
TXN0001683,False,none
TXN0003397,False,none
TXN0009837,False,none
TXN0001181,False,none
TXN0004696,False,none
TXN0007265,False,none
TXN0010017,False,none
TXN0004590,False,none
TXN0000115,False,none
TXN0010344,False,none
TXN0001033,False,none
TXN0003425,False,none
TXN0010091,False,none
TXN0005720,False,none
TXN0002317,False,none
TXN0003505,False,none
TXN0009354,False,none
TXN0003213,False,none
TXN0011642,False,none
TXN0004415,False,none
TXN0005221,False,none
TXN0000212,False,none
TXN0006773,False,none
TXN0001660,False,none
TXN0007578,False,none
TXN0005824,False,none
TXN0011312,False,none
TXN0008218,False,none
TXN0009804,False,none
TXN0003916,False,none
TXN0001843,False,none
TXN0010780,False,none
TXN0011650,False,none
TXN0004886,False,none
TXN0010857,False,none
TXN0010791,False,none
TXN0009444,False,none
TXN0012040,True,velocity
TXN0002793,False,none
TXN0009679,False,none
TXN0009323,False,none
TXN0009973,False,none
TXN0003435,False,none
TXN0006568,False,none
TXN0001767,False,none
TXN0002168,False,none
TXN0002948,False,none
TXN0010451,False,none
TXN0008585,False,none
TXN0002978,False,none
TXN0005399,False,none
TXN0008115,False,none
TXN0006614,False,none
TXN0005269,False,none
TXN0009126,False,none
TXN0009632,False,none
TXN0003828,False,none
TXN0010236,False,none
TXN0005699,False,none
TXN0011840,False,none
TXN0007516,False,none
TXN0005497,False,none
TXN0007769,False,none
TXN0003226,False,none
TXN0000723,False,none
TXN0000436,False,none
TXN0010005,False,none
TXN0008601,False,none
TXN0001200,False,none
TXN0008027,False,none
TXN0008985,False,none
TXN0005296,False,none
TXN0002600,False,none
TXN0000757,False,none
TXN0011605,False,none
TXN0003854,False,none
TXN0006786,False,none
TXN0006355,False,none
TXN0000659,False,none
TXN0012075,True,high_risk_geo
TXN0011216,False,none
TXN0001727,False,none
TXN0005086,False,none
TXN0010956,False,none
TXN0002320,False,none
TXN0005707,False,none
TXN0007731,False,none
TXN0002262,False,none
TXN0010541,False,none
TXN0011196,False,none
TXN0004847,False,none
TXN0009617,False,none
TXN0009294,False,none
TXN0006932,False,none
TXN0010192,False,none
TXN0007325,False,none
TXN0002120,False,none
TXN0004213,False,none
TXN0002080,False,none
TXN0001799,False,none
TXN0003641,False,none
TXN0008562,False,none
TXN0012153,False,lookalike_legit
TXN0010817,False,none
TXN0008727,False,none
TXN0005156,False,none
TXN0010071,False,none
TXN0003366,False,none
TXN0000665,False,none
TXN0005494,False,none
TXN0011860,False,none
TXN0004241,False,none
TXN0002087,False,none
TXN0000911,False,none
TXN0003216,False,none
TXN0009566,False,none
TXN0001025,False,none
TXN0001840,False,none
TXN0007238,False,none
TXN0010210,False,none
TXN0002539,False,none
TXN0010858,False,none
TXN0006660,False,none
TXN0005431,False,none
TXN0005130,False,none
TXN0001825,False,none
TXN0011159,False,none
TXN0012095,True,layering
TXN0001816,False,none
TXN0009977,False,none
TXN0001442,False,none
TXN0011364,False,none
TXN0002881,False,none
TXN0011868,False,none
TXN0010553,False,none
TXN0000306,False,none
TXN0002582,False,none
TXN0011497,False,none
TXN0009163,False,none
TXN0011305,False,none
TXN0000666,False,none
TXN0002022,False,none
TXN0008397,False,none
TXN0000456,False,none
TXN0003738,False,none
TXN0007150,False,none
TXN0008167,False,none
TXN0009362,False,none
TXN0005772,False,none
TXN0000390,False,none
TXN0008993,False,none
TXN0008857,False,none
TXN0003621,False,none
TXN0009306,False,none
TXN0010515,False,none
TXN0010518,False,none
TXN0011125,False,none
TXN0001937,False,none
TXN0001950,False,none
TXN0002518,False,none
TXN0011072,False,none
TXN0000412,False,none
TXN0009568,False,none
TXN0000344,False,none
TXN0003335,False,none
TXN0000046,False,none
TXN0004908,False,none
TXN0005590,False,none
TXN0001341,False,none
TXN0001575,False,none
TXN0011595,False,none
TXN0006904,False,none
TXN0001923,False,none
TXN0007766,False,none
TXN0003969,False,none
TXN0010036,False,none
TXN0006190,False,none
TXN0006881,False,none
TXN0011870,False,none
TXN0005438,False,none
TXN0007416,False,none
TXN0008191,False,none
TXN0010505,False,none
TXN0009990,False,none
TXN0010299,False,none
TXN0009916,False,none
TXN0007285,False,none
TXN0005759,False,none
TXN0007393,False,none
TXN0007611,False,none
TXN0011139,False,none
TXN0008907,False,none
TXN0007021,False,none
TXN0000760,False,none
TXN0002876,False,none
TXN0009624,False,none
TXN0010521,False,none
TXN0005622,False,none
TXN0000447,False,none
TXN0003921,False,none
TXN0004866,False,none
TXN0004985,False,none
TXN0005444,False,none
TXN0007233,False,none
TXN0001244,False,none
TXN0001063,False,none
TXN0007394,False,none
TXN0010588,False,none
TXN0000700,False,none
TXN0000614,False,none
TXN0007923,False,none
TXN0000356,False,none
TXN0006693,False,none
TXN0011510,False,none
TXN0010945,False,none
TXN0000875,False,none
TXN0005929,False,none
TXN0004877,False,none
TXN0005860,False,none
TXN0006024,False,none
TXN0011370,False,none
TXN0002244,False,none
TXN0011426,False,none
TXN0008587,False,none
TXN0010819,False,none
TXN0005983,False,none
TXN0011636,False,none
TXN0008694,False,none
TXN0004780,False,none
TXN0001922,False,none
TXN0009289,False,none
TXN0009699,False,none
TXN0006001,False,none
TXN0001726,False,none
TXN0009055,False,none
TXN0004592,False,none
TXN0003643,False,none
TXN0000254,False,none
TXN0004750,False,none
TXN0006637,False,none
TXN0009095,False,none
TXN0004513,False,none
TXN0010409,False,none
TXN0002712,False,none
TXN0007807,False,none
TXN0010450,False,none
TXN0009481,False,none
TXN0004393,False,none
TXN0011815,False,none
TXN0005282,False,none
TXN0003244,False,none
TXN0002580,False,none
TXN0008872,False,none
TXN0011125,False,none
TXN0011077,False,none
TXN0004666,False,none
TXN0004506,False,none
TXN0008558,False,none
TXN0001991,False,none
TXN0004839,False,none
TXN0000434,False,none
TXN0007553,False,none
TXN0006233,False,none
TXN0001031,False,none
TXN0000063,False,none
TXN0011802,False,none
TXN0000379,False,none
TXN0004114,False,none
TXN0000669,False,none
TXN0010764,False,none
TXN0000628,False,none
TXN0009094,False,none
TXN0001412,False,none
TXN0002077,False,none
TXN0001931,False,none
TXN0010062,False,none
TXN0009469,False,none
TXN0005984,False,none
TXN0003203,False,none
TXN0003880,False,none
TXN0003123,False,none
TXN0010255,False,none
TXN0002411,False,none
TXN0001868,False,none
TXN0007602,False,none
TXN0008643,False,none
TXN0004743,False,none
TXN0011274,False,none
TXN0004568,False,none
TXN0001065,False,none
TXN0010612,False,none
TXN0003844,False,none
TXN0011857,False,none
TXN0004039,False,none
TXN0011610,False,none
TXN0007703,False,none
TXN0011213,False,none
TXN0011123,False,none
TXN0007253,False,none
TXN0006786,False,none
TXN0010979,False,none
TXN0000623,False,none
TXN0000515,False,none
TXN0007315,False,none
TXN0008584,False,none
TXN0005595,False,none
TXN0002325,False,none
TXN0003744,False,none
TXN0003724,False,none
TXN0003358,False,none
TXN0006427,False,none
TXN0010748,False,none
TXN0004563,False,none
TXN0009039,False,none
TXN0002298,False,none
TXN0011067,False,none
TXN0009501,False,none
TXN0000425,False,none
TXN0000584,False,none
TXN0010049,False,none
TXN0007473,False,none
TXN0001354,False,none
TXN0008547,False,none
TXN0003954,False,none
TXN0008142,False,none
TXN0001581,False,none
TXN0003951,False,none
TXN0003840,False,none
TXN0003671,False,none
TXN0009404,False,none
TXN0010718,False,none
TXN0007889,False,none
TXN0000401,False,none
TXN0009321,False,none
TXN0009778,False,none
TXN0011022,False,none
TXN0004817,False,none
TXN0008995,False,none
TXN0000743,False,none
TXN0002085,False,none
TXN0008465,False,none
TXN0011395,False,none
TXN0010654,False,none
TXN0008394,False,none
TXN0005959,False,none
TXN0000389,False,none
TXN0006152,False,none
TXN0003015,False,none
TXN0003428,False,none
TXN0011340,False,none
TXN0003272,False,none
TXN0007976,False,none
TXN0005551,False,none
TXN0011515,False,none
TXN0011667,False,none
TXN0011322,False,none
TXN0002756,False,none
TXN0006565,False,none
TXN0011895,False,none
TXN0009787,False,none
TXN0006138,False,none
TXN0002063,False,none
TXN0003027,False,none
TXN0010195,False,none
TXN0008158,False,none
TXN0006888,False,none
TXN0002195,False,none
TXN0006866,False,none
TXN0001120,False,none
TXN0006772,False,none
TXN0007484,False,none
TXN0006795,False,none
TXN0008164,False,none
TXN0000249,False,none
TXN0000849,False,none
TXN0002005,False,none
TXN0001549,False,none
TXN0006735,False,none
TXN0004811,False,none
TXN0010596,False,none
TXN0002525,False,none
TXN0009545,False,none
TXN0002685,False,none
TXN0012072,True,high_risk_geo
TXN0008520,False,none
TXN0008947,False,none
TXN0006987,False,none
TXN0008063,False,none
TXN0003071,False,none
TXN0000631,False,none
TXN0000891,False,none
TXN0006508,False,none
TXN0002523,False,none
TXN0007283,False,none
TXN0011921,False,none
TXN0007461,False,none
TXN0003310,False,none
TXN0000563,False,none
TXN0007280,False,none
TXN0006962,False,none
TXN0006920,False,none
TXN0002749,False,none
TXN0005277,False,none
TXN0005015,False,none
TXN0011242,False,none
TXN0011167,False,none
TXN0007737,False,none
TXN0003726,False,none
TXN0006630,False,none
TXN0011984,True,structuring
TXN0008358,False,none
TXN0001424,False,none
TXN0004360,False,none
TXN0004282,False,none
TXN0011905,False,none
TXN0005985,False,none
TXN0011838,False,none
TXN0012084,True,high_risk_geo
TXN0007617,False,none
TXN0000798,False,none
TXN0001275,False,none
TXN0003835,False,none
TXN0012102,False,lookalike_legit
TXN0000837,False,none
TXN0002825,False,none
TXN0000654,False,none
TXN0005451,False,none
TXN0003389,False,none
TXN0012052,True,velocity
TXN0003488,False,none
TXN0010009,False,none
TXN0002535,False,none
TXN0007058,False,none
TXN0004253,False,none
TXN0005427,False,none
TXN0007808,False,none
TXN0008428,False,none
TXN0008230,False,none
TXN0009108,False,none
TXN0001597,False,none
TXN0006246,False,none
TXN0011511,False,none
TXN0003774,False,none
TXN0003111,False,none
TXN0010726,False,none
TXN0003730,False,none
TXN0008797,False,none
TXN0006961,False,none
TXN0002627,False,none
TXN0010241,False,none
TXN0010323,False,none
TXN0003298,False,none
TXN0003204,False,none
TXN0001409,False,none
TXN0010975,False,none
TXN0001503,False,none
TXN0010335,False,none
TXN0000827,False,none
TXN0006256,False,none
TXN0004116,False,none
TXN0005599,False,none
TXN0004843,False,none
TXN0011401,False,none
TXN0000296,False,none
TXN0009641,False,none
TXN0003566,False,none
TXN0008856,False,none
TXN0000175,False,none
TXN0011681,False,none
TXN0007762,False,none
TXN0005734,False,none
TXN0007310,False,none
TXN0008493,False,none
TXN0009570,False,none
TXN0008375,False,none
TXN0000229,False,none
TXN0010270,False,none
TXN0005326,False,none
TXN0009032,False,none
TXN0002999,False,none
TXN0004921,False,none
TXN0003932,False,none
TXN0000591,False,none
TXN0002790,False,none
TXN0006579,False,none
TXN0004919,False,none
TXN0002297,False,none
TXN0002830,False,none
TXN0004306,False,none
TXN0006977,False,none
TXN0004238,False,none
TXN0010244,False,none
TXN0006224,False,none
TXN0002099,False,none
TXN0007279,False,none
TXN0001108,False,none
TXN0002059,False,none
TXN0009083,False,none
TXN0009708,False,none
TXN0003852,False,none
TXN0005709,False,none
TXN0002926,False,none
TXN0007695,False,none
TXN0002070,False,none
TXN0000567,False,none
TXN0011548,False,none
TXN0009927,False,none
TXN0007330,False,none
TXN0009893,False,none
TXN0006275,False,none
TXN0006360,False,none
TXN0001400,False,none
TXN0000603,False,none
TXN0007913,False,none
TXN0007851,False,none
TXN0011987,True,structuring
TXN0000472,False,none
TXN0008504,False,none
TXN0010946,False,none
TXN0001356,False,none
TXN0002389,False,none
TXN0007903,False,none
TXN0011672,False,none
TXN0007375,False,none
TXN0009180,False,none
TXN0011991,True,velocity
TXN0011560,False,none
TXN0005364,False,none
TXN0003246,False,none
TXN0009877,False,none
TXN0009048,False,none
TXN0007790,False,none
TXN0012049,True,velocity
TXN0004065,False,none
TXN0005330,False,none
TXN0011675,False,none
TXN0009572,False,none
TXN0007983,False,none
TXN0008460,False,none
TXN0007497,False,none
TXN0005311,False,none
TXN0004448,False,none
TXN0008923,False,none
TXN0010794,False,none
TXN0009586,False,none
TXN0010263,False,none
TXN0011380,False,none
TXN0006623,False,none
TXN0002041,False,none
TXN0006655,False,none
TXN0002676,False,none
TXN0007365,False,none
TXN0000038,False,none
TXN0010646,False,none
TXN0006485,False,none
TXN0002897,False,none
TXN0010054,False,none
TXN0004062,False,none
TXN0008868,False,none
TXN0006451,False,none
TXN0007726,False,none
TXN0008437,False,none
TXN0003481,False,none
TXN0002932,False,none
TXN0012136,False,lookalike_legit
TXN0001380,False,none
TXN0008176,False,none
TXN0009363,False,none
TXN0008536,False,none
TXN0006018,False,none
TXN0007419,False,none
TXN0010215,False,none
TXN0004404,False,none
TXN0010919,False,none
TXN0008141,False,none
TXN0008955,False,none
TXN0001307,False,none
TXN0000536,False,none
TXN0010608,False,none
TXN0011183,False,none
TXN0006569,False,none
TXN0002801,False,none
TXN0006951,False,none
TXN0008938,False,none
TXN0011822,False,none
TXN0009263,False,none
TXN0010273,False,none
TXN0000167,False,none
TXN0001283,False,none
TXN0009116,False,none
TXN0009847,False,none
TXN0006151,False,none
TXN0000581,False,none
TXN0010174,False,none
TXN0004515,False,none
TXN0009231,False,none
TXN0005713,False,none
TXN0001450,False,none
TXN0010630,False,none
TXN0008184,False,none
TXN0008968,False,none
TXN0007990,False,none
TXN0000629,False,none
TXN0010671,False,none
TXN0011793,False,none
TXN0009585,False,none
TXN0007171,False,none
TXN0007771,False,none
TXN0009193,False,none
TXN0002664,False,none
TXN0006910,False,none
TXN0000392,False,none
TXN0007472,False,none
TXN0007281,False,none
TXN0010041,False,none
TXN0005821,False,none
TXN0011872,False,none
TXN0006721,False,none
TXN0012090,True,layering
TXN0001202,False,none
TXN0003607,False,none
TXN0002854,False,none
TXN0003639,False,none
TXN0003936,False,none
TXN0006813,False,none
TXN0008809,False,none
TXN0010402,False,none
TXN0000040,False,none
TXN0011133,False,none
TXN0007538,False,none
TXN0004211,False,none
TXN0000954,False,none
TXN0011027,False,none
TXN0003585,False,none
TXN0003167,False,none
TXN0005136,False,none
TXN0009587,False,none
TXN0004660,False,none
TXN0004371,False,none
TXN0008238,False,none
TXN0003127,False,none
TXN0009105,False,none
TXN0000316,False,none
TXN0001643,False,none
TXN0003598,False,none
TXN0005382,False,none
TXN0003983,False,none
TXN0009100,False,none
TXN0008717,False,none
TXN0003845,False,none
TXN0010534,False,none
TXN0011365,False,none
TXN0005614,False,none
TXN0010835,False,none
TXN0011463,False,none
TXN0008363,False,none
TXN0008636,False,none
TXN0005728,False,none
TXN0011982,True,structuring
TXN0003195,False,none
TXN0003668,False,none
TXN0005407,False,none
TXN0008567,False,none
TXN0006460,False,none
TXN0009316,False,none
TXN0011309,False,none
TXN0011317,False,none
TXN0008498,False,none
TXN0009023,False,none
TXN0009662,False,none
TXN0010663,False,none
TXN0004671,False,none
TXN0006842,False,none
TXN0007925,False,none
TXN0001777,False,none
TXN0005069,False,none
TXN0011215,False,none
TXN0003452,False,none
TXN0005789,False,none
TXN0004382,False,none
TXN0003143,False,none
TXN0000973,False,none
TXN0000202,False,none
TXN0004491,False,none
TXN0002487,False,none
TXN0011386,False,none
TXN0002674,False,none
TXN0011687,False,none
TXN0005989,False,none
TXN0005749,False,none
TXN0007526,False,none
TXN0007841,False,none
TXN0004458,False,none
TXN0007161,False,none
TXN0004871,False,none
TXN0000023,False,none
TXN0007034,False,none
TXN0011151,False,none
TXN0003401,False,none
TXN0011441,False,none
TXN0010996,False,none
TXN0005268,False,none
TXN0000228,False,none
TXN0001242,False,none
TXN0009560,False,none
TXN0000359,False,none
TXN0009979,False,none
TXN0011740,False,none
TXN0008224,False,none
TXN0011479,False,none
TXN0004824,False,none
TXN0001351,False,none
TXN0005653,False,none
TXN0008931,False,none
TXN0007949,False,none
TXN0010284,False,none
TXN0008621,False,none
TXN0005011,False,none
TXN0010545,False,none
TXN0008147,False,none
TXN0000931,False,none
TXN0006728,False,none
TXN0008650,False,none
TXN0011873,False,none
TXN0010965,False,none
TXN0005272,False,none
TXN0000833,False,none
TXN0001299,False,none
TXN0000732,False,none
TXN0002431,False,none
TXN0010543,False,none
TXN0000353,False,none
TXN0006917,False,none
TXN0002150,False,none
TXN0009868,False,none
TXN0000963,False,none
TXN0005777,False,none
TXN0004383,False,none
TXN0007945,False,none
TXN0006707,False,none
TXN0000944,False,none
TXN0003692,False,none
TXN0005735,False,none
TXN0006223,False,none
TXN0012074,True,high_risk_geo
TXN0005212,False,none
TXN0000644,False,none
TXN0001938,False,none
TXN0003268,False,none
TXN0011047,False,none
TXN0007266,False,none
TXN0011959,True,structuring
TXN0000919,False,none
TXN0004085,False,none
TXN0011444,False,none
TXN0001068,False,none
TXN0004680,False,none
TXN0004987,False,none
TXN0008403,False,none
TXN0003626,False,none
TXN0009130,False,none
TXN0004662,False,none
TXN0000789,False,none
TXN0008201,False,none
TXN0009281,False,none
TXN0010408,False,none
TXN0008281,False,none
TXN0003844,False,none
TXN0002923,False,none
TXN0007587,False,none
TXN0005171,False,none
TXN0009214,False,none
TXN0008041,False,none
TXN0007818,False,none
TXN0009415,False,none
TXN0011261,False,none
TXN0011436,False,none
TXN0003290,False,none
TXN0007259,False,none
TXN0006313,False,none
TXN0012100,True,layering
TXN0008133,False,none
TXN0004122,False,none
TXN0002728,False,none
TXN0008400,False,none
TXN0004474,False,none
TXN0006820,False,none
TXN0007778,False,none
TXN0004414,False,none
TXN0001980,False,none
TXN0010679,False,none
TXN0011459,False,none
TXN0008031,False,none
TXN0011701,False,none
TXN0006632,False,none
TXN0011853,False,none
TXN0003019,False,none
TXN0007471,False,none
TXN0001723,False,none
TXN0006012,False,none
TXN0000039,False,none
TXN0007262,False,none
TXN0000912,False,none
TXN0010213,False,none
TXN0010734,False,none
TXN0010471,False,none
TXN0006743,False,none
TXN0003033,False,none
TXN0007370,False,none
TXN0011393,False,none
TXN0005783,False,none
TXN0009727,False,none
TXN0003831,False,none
TXN0012047,True,velocity
TXN0004283,False,none
TXN0002766,False,none
TXN0009260,False,none
TXN0005412,False,none
TXN0004080,False,none
TXN0005009,False,none
TXN0003444,False,none
TXN0007688,False,none
TXN0000522,False,none
TXN0009238,False,none
TXN0006078,False,none
TXN0011504,False,none
TXN0008367,False,none
TXN0005847,False,none
TXN0006392,False,none
TXN0008374,False,none
TXN0010790,False,none
TXN0004054,False,none
TXN0002177,False,none
TXN0000134,False,none
TXN0001543,False,none
TXN0004042,False,none
TXN0004794,False,none
TXN0000951,False,none
TXN0001113,False,none
TXN0011206,False,none
TXN0009479,False,none
TXN0010913,False,none
TXN0012086,True,layering
TXN0007557,False,none
TXN0003934,False,none
TXN0010151,False,none
TXN0001732,False,none
TXN0007673,False,none
TXN0007470,False,none
TXN0010879,False,none
TXN0005020,False,none
TXN0000417,False,none
TXN0003006,False,none
TXN0001123,False,none
TXN0006872,False,none
TXN0008292,False,none
TXN0006011,False,none
TXN0007520,False,none
TXN0011682,False,none
TXN0009855,False,none
TXN0005389,False,none
TXN0011222,False,none
TXN0010209,False,none
TXN0000525,False,none
TXN0000884,False,none
TXN0001742,False,none
TXN0002720,False,none
TXN0005794,False,none
TXN0000410,False,none
TXN0010031,False,none
TXN0003976,False,none
TXN0000934,False,none
TXN0009842,False,none
TXN0006700,False,none
TXN0007408,False,none
TXN0001978,False,none
TXN0000112,False,none
TXN0003703,False,none
TXN0003830,False,none
TXN0001630,False,none
TXN0006282,False,none
TXN0002090,False,none
TXN0005392,False,none
TXN0006983,False,none
TXN0010394,False,none
TXN0003475,False,none
TXN0005453,False,none
TXN0003485,False,none
TXN0002105,False,none
TXN0003603,False,none
TXN0009642,False,none
TXN0009339,False,none
TXN0006780,False,none
TXN0003017,False,none
TXN0003973,False,none
TXN0000478,False,none
TXN0005235,False,none
TXN0010554,False,none
TXN0005345,False,none
TXN0001654,False,none
TXN0002134,False,none
TXN0006841,False,none
TXN0008308,False,none
TXN0008610,False,none
TXN0001536,False,none
TXN0003856,False,none
TXN0006290,False,none
TXN0002478,False,none
TXN0004643,False,none
TXN0009410,False,none
TXN0002444,False,none
TXN0000869,False,none
TXN0003924,False,none
TXN0004550,False,none
TXN0005315,False,none
TXN0010086,False,none
TXN0007225,False,none
TXN0003694,False,none
TXN0006144,False,none
TXN0010456,False,none
TXN0003382,False,none
TXN0009992,False,none
TXN0010415,False,none
TXN0003020,False,none
TXN0003684,False,none
TXN0007003,False,none
TXN0007779,False,none
TXN0002081,False,none
TXN0011437,False,none
TXN0001920,False,none
TXN0001314,False,none
TXN0003343,False,none
TXN0000052,False,none
TXN0007645,False,none
TXN0003632,False,none
TXN0000459,False,none
TXN0011505,False,none
TXN0008530,False,none
TXN0004584,False,none
TXN0009909,False,none
TXN0007819,False,none
TXN0011989,True,structuring
TXN0006474,False,none
TXN0003459,False,none
TXN0010757,False,none
TXN0005567,False,none
TXN0008319,False,none
TXN0009380,False,none
TXN0005704,False,none
TXN0006137,False,none
TXN0004469,False,none
TXN0007651,False,none
TXN0004928,False,none
TXN0004952,False,none
TXN0001101,False,none
TXN0005866,False,none
TXN0006607,False,none
TXN0003411,False,none
TXN0010329,False,none
TXN0003527,False,none
TXN0000471,False,none
TXN0006213,False,none
TXN0009463,False,none
TXN0001410,False,none
TXN0000507,False,none
TXN0011588,False,none
TXN0002650,False,none
TXN0010314,False,none
TXN0000387,False,none
TXN0011949,False,none
TXN0003780,False,none
TXN0007347,False,none
TXN0004191,False,none
TXN0003313,False,none
TXN0003144,False,none
TXN0009675,False,none
TXN0010538,False,none
TXN0008091,False,none
TXN0002569,False,none
TXN0000754,False,none
TXN0005527,False,none
TXN0007728,False,none
TXN0002517,False,none
TXN0002371,False,none
TXN0006456,False,none
TXN0010233,False,none
TXN0001839,False,none
TXN0011654,False,none
TXN0007477,False,none
TXN0002610,False,none
TXN0010234,False,none
TXN0006712,False,none
TXN0006091,False,none
TXN0006688,False,none
TXN0010491,False,none
TXN0002642,False,none
TXN0008192,False,none
TXN0011749,False,none
TXN0011545,False,none
TXN0002684,False,none
TXN0003824,False,none
TXN0002309,False,none
TXN0006337,False,none
TXN0006327,False,none
TXN0007994,False,none
TXN0010878,False,none
TXN0006597,False,none
TXN0008402,False,none
TXN0002683,False,none
TXN0011357,False,none
TXN0005887,False,none
TXN0003571,False,none
TXN0002732,False,none
TXN0009795,False,none
TXN0000751,False,none
TXN0006276,False,none
TXN0002900,False,none
TXN0008451,False,none
TXN0004509,False,none
TXN0008309,False,none
TXN0011424,False,none
TXN0011877,False,none
TXN0002460,False,none
TXN0002144,False,none
TXN0002488,False,none
TXN0002631,False,none
TXN0005008,False,none
TXN0006717,False,none
TXN0008518,False,none
TXN0011962,True,structuring
TXN0009496,False,none
TXN0011534,False,none
TXN0001628,False,none
TXN0005394,False,none
TXN0003624,False,none
TXN0005526,False,none
TXN0000939,False,none
TXN0002618,False,none
TXN0004158,False,none
TXN0009361,False,none
TXN0004249,False,none
TXN0005864,False,none
TXN0003393,False,none
TXN0007420,False,none
TXN0011181,False,none
TXN0010824,False,none
TXN0002056,False,none
TXN0009933,False,none
TXN0005892,False,none
TXN0011622,False,none
TXN0009377,False,none
TXN0001841,False,none
TXN0000292,False,none
TXN0006278,False,none
TXN0001114,False,none
TXN0001193,False,none
TXN0004289,False,none
TXN0007500,False,none
TXN0002360,False,none
TXN0005763,False,none
TXN0007179,False,none
TXN0005440,False,none
TXN0011003,False,none
TXN0004995,False,none
TXN0000962,False,none
TXN0006838,False,none
TXN0003234,False,none
TXN0000640,False,none
TXN0002621,False,none
TXN0007431,False,none
TXN0010193,False,none
TXN0005259,False,none
TXN0001370,False,none
TXN0008646,False,none
TXN0004775,False,none
TXN0009550,False,none
TXN0006790,False,none
TXN0003669,False,none
TXN0008841,False,none
TXN0000618,False,none
TXN0011796,False,none
TXN0010574,False,none
TXN0000074,False,none
TXN0006236,False,none
TXN0001019,False,none
TXN0002677,False,none
TXN0011110,False,none
TXN0007192,False,none
TXN0002619,False,none
TXN0004125,False,none
TXN0000601,False,none
TXN0001812,False,none
TXN0006934,False,none
TXN0007111,False,none
TXN0002591,False,none
TXN0011156,False,none
TXN0002545,False,none
TXN0002629,False,none
TXN0002872,False,none
TXN0003900,False,none
TXN0007623,False,none
TXN0003705,False,none
TXN0004709,False,none
TXN0010001,False,none
TXN0008293,False,none
TXN0008112,False,none
TXN0008123,False,none
TXN0007191,False,none
TXN0001876,False,none
TXN0000673,False,none
TXN0007823,False,none
TXN0010441,False,none
TXN0011153,False,none
TXN0002486,False,none
TXN0001444,False,none
TXN0010194,False,none
TXN0010238,False,none
TXN0012160,False,lookalike_legit
TXN0004292,False,none
TXN0005579,False,none
TXN0009398,False,none
TXN0010039,False,none
TXN0005446,False,none
TXN0006722,False,none
TXN0005065,False,none
TXN0007220,False,none
TXN0001030,False,none
TXN0005568,False,none
TXN0009706,False,none
TXN0000137,False,none
TXN0010322,False,none
TXN0000877,False,none
TXN0010227,False,none
TXN0006785,False,none
TXN0007612,False,none
TXN0004512,False,none
TXN0002502,False,none
TXN0011715,False,none
TXN0011448,False,none
TXN0006505,False,none
TXN0004844,False,none
TXN0003524,False,none
TXN0000118,False,none
TXN0005074,False,none
TXN0010379,False,none
TXN0007709,False,none
TXN0003919,False,none
TXN0000811,False,none
TXN0010125,False,none
TXN0007752,False,none
TXN0002765,False,none
TXN0011350,False,none
TXN0002432,False,none
TXN0008169,False,none
TXN0008729,False,none
TXN0007364,False,none
TXN0006782,False,none
TXN0003710,False,none
TXN0007132,False,none
TXN0007514,False,none
TXN0001934,False,none
TXN0007001,False,none
TXN0010744,False,none
TXN0000438,False,none
TXN0002882,False,none
TXN0007405,False,none
TXN0001482,False,none
TXN0011814,False,none
TXN0001677,False,none
TXN0004873,False,none
TXN0010449,False,none
TXN0006390,False,none
TXN0002588,False,none
TXN0011849,False,none
TXN0011772,False,none
TXN0007117,False,none
TXN0012133,False,lookalike_legit
TXN0001875,False,none
TXN0005684,False,none
TXN0001086,False,none
TXN0011005,False,none
TXN0000545,False,none
TXN0000034,False,none
TXN0010753,False,none
TXN0004135,False,none
TXN0007224,False,none
TXN0001580,False,none
TXN0010480,False,none
TXN0004900,False,none
TXN0011394,False,none
TXN0006013,False,none
TXN0011036,False,none
TXN0001877,False,none
TXN0005553,False,none
TXN0006232,False,none
TXN0000160,False,none
TXN0008796,False,none
TXN0001773,False,none
TXN0001687,False,none
TXN0009251,False,none
TXN0007110,False,none
TXN0011311,False,none
TXN0006448,False,none
TXN0005594,False,none
TXN0007119,False,none
TXN0010064,False,none
TXN0009981,False,none
TXN0004455,False,none
TXN0002145,False,none
TXN0004154,False,none
TXN0004437,False,none
TXN0002834,False,none
TXN0007352,False,none
TXN0010707,False,none
TXN0005916,False,none
TXN0009785,False,none
TXN0008033,False,none
TXN0007426,False,none
TXN0010364,False,none
TXN0007793,False,none
TXN0001178,False,none
TXN0001097,False,none
TXN0011454,False,none
TXN0004982,False,none
TXN0009644,False,none
TXN0008260,False,none
TXN0010578,False,none
TXN0009876,False,none
TXN0009513,False,none
TXN0000330,False,none
TXN0004277,False,none
TXN0003503,False,none
TXN0000378,False,none
TXN0004301,False,none
TXN0007817,False,none
TXN0006113,False,none
TXN0010482,False,none
TXN0010278,False,none
TXN0002436,False,none
TXN0007761,False,none
TXN0002338,False,none
TXN0001297,False,none
TXN0001282,False,none
TXN0005441,False,none
TXN0003521,False,none
TXN0005663,False,none
TXN0000024,False,none
TXN0001827,False,none
TXN0005795,False,none
TXN0010903,False,none
TXN0007467,False,none
TXN0011759,False,none
TXN0010786,False,none
TXN0003128,False,none
TXN0009577,False,none
TXN0004845,False,none
TXN0007687,False,none
TXN0000888,False,none
TXN0011235,False,none
TXN0011557,False,none
TXN0004317,False,none
TXN0001069,False,none
TXN0001949,False,none
TXN0006262,False,none
TXN0008811,False,none
TXN0010617,False,none
TXN0005671,False,none
TXN0007892,False,none
TXN0005986,False,none
TXN0010262,False,none
TXN0006207,False,none
TXN0004392,False,none
TXN0007689,False,none
TXN0011513,False,none
TXN0000173,False,none
TXN0009507,False,none
TXN0000081,False,none
TXN0007753,False,none
TXN0005408,False,none
TXN0005372,False,none
TXN0010341,False,none
TXN0001970,False,none
TXN0003902,False,none
TXN0007979,False,none
TXN0009519,False,none
TXN0011882,False,none
TXN0011171,False,none
TXN0003381,False,none
TXN0001083,False,none
TXN0011833,False,none
TXN0011169,False,none
TXN0002479,False,none
TXN0006730,False,none
TXN0001332,False,none
TXN0006172,False,none
TXN0001969,False,none
TXN0009393,False,none
TXN0004086,False,none
TXN0012123,False,lookalike_legit
TXN0010787,False,none
TXN0002018,False,none
TXN0005013,False,none
TXN0004144,False,none
TXN0011210,False,none
TXN0007953,False,none
TXN0002072,False,none
TXN0005107,False,none
TXN0002782,False,none
TXN0007718,False,none
TXN0006238,False,none
TXN0001867,False,none
TXN0012059,True,velocity
TXN0004473,False,none
TXN0005328,False,none
TXN0010495,False,none
TXN0005784,False,none
TXN0002054,False,none
TXN0008253,False,none
TXN0002612,False,none
TXN0004705,False,none
TXN0007713,False,none
TXN0001596,False,none
TXN0000988,False,none
TXN0003808,False,none
TXN0010669,False,none
TXN0008487,False,none
TXN0006161,False,none
TXN0005161,False,none
TXN0008687,False,none
TXN0007187,False,none
TXN0003648,False,none
TXN0010942,False,none
TXN0005472,False,none
TXN0008265,False,none
TXN0004973,False,none
TXN0000621,False,none
TXN0005552,False,none
TXN0007309,False,none
TXN0000572,False,none
TXN0010014,False,none
TXN0006046,False,none
TXN0001979,False,none
TXN0005044,False,none
TXN0005804,False,none
TXN0001038,False,none
TXN0005168,False,none
TXN0002396,False,none
TXN0003534,False,none
TXN0004936,False,none
TXN0007382,False,none
TXN0007007,False,none
TXN0003787,False,none
TXN0009956,False,none
TXN0009217,False,none
TXN0001214,False,none
TXN0003558,False,none
TXN0009809,False,none
TXN0003333,False,none
TXN0001616,False,none
TXN0004573,False,none
TXN0001514,False,none
TXN0003221,False,none
TXN0004946,False,none
TXN0004398,False,none
TXN0010735,False,none
TXN0000200,False,none
TXN0006481,False,none
TXN0000333,False,none
TXN0002721,False,none
TXN0007765,False,none
TXN0007579,False,none
TXN0009082,False,none
TXN0004378,False,none
TXN0005956,False,none
TXN0005801,False,none
TXN0002438,False,none
TXN0008443,False,none
TXN0007711,False,none
TXN0009983,False,none
TXN0000983,False,none
TXN0011023,False,none
TXN0004263,False,none
TXN0000268,False,none
TXN0011634,False,none
TXN0010298,False,none
TXN0009103,False,none
TXN0002289,False,none
TXN0001089,False,none
TXN0000255,False,none
TXN0003471,False,none
TXN0010983,False,none
TXN0004331,False,none
TXN0001765,False,none
TXN0003525,False,none
TXN0008195,False,none
TXN0002137,False,none
TXN0011625,False,none
TXN0009725,False,none
TXN0000140,False,none
TXN0003085,False,none
TXN0003060,False,none
TXN0001729,False,none
TXN0007658,False,none
TXN0010943,False,none
TXN0002016,False,none
TXN0007699,False,none
TXN0011500,False,none
TXN0008697,False,none
TXN0008929,False,none
TXN0003042,False,none
TXN0006150,False,none
TXN0001678,False,none
TXN0009737,False,none
TXN0009928,False,none
TXN0011440,False,none
TXN0001591,False,none
TXN0000323,False,none
TXN0001794,False,none
TXN0009545,False,none
TXN0003172,False,none
TXN0001852,False,none
TXN0002979,False,none
TXN0000598,False,none
TXN0007950,False,none
TXN0000394,False,none
TXN0009044,False,none
TXN0006663,False,none
TXN0002598,False,none
TXN0006118,False,none
TXN0009582,False,none
TXN0006291,False,none
TXN0008415,False,none
TXN0003292,False,none
TXN0004397,False,none
TXN0010070,False,none
TXN0004010,False,none
TXN0008369,False,none
TXN0011755,False,none
TXN0004757,False,none
TXN0005187,False,none
TXN0002226,False,none
TXN0005478,False,none
TXN0011988,True,structuring
TXN0008252,False,none
TXN0010622,False,none
TXN0009869,False,none
TXN0010163,False,none
TXN0005934,False,none
TXN0003289,False,none
TXN0008393,False,none
TXN0009287,False,none
TXN0002693,False,none
TXN0011554,False,none
TXN0009349,False,none
TXN0007904,False,none
TXN0008546,False,none
TXN0005858,False,none
TXN0002781,False,none
TXN0005545,False,none
TXN0007122,False,none
TXN0010256,False,none
TXN0011612,False,none
TXN0010396,False,none
TXN0008742,False,none
TXN0009106,False,none
TXN0001798,False,none
TXN0011214,False,none
TXN0007351,False,none
TXN0002252,False,none
TXN0007089,False,none
TXN0010890,False,none
TXN0004765,False,none
TXN0010873,False,none
TXN0005104,False,none
TXN0009627,False,none
TXN0002149,False,none
TXN0007567,False,none
TXN0001484,False,none
TXN0003981,False,none
TXN0000549,False,none
TXN0003477,False,none
TXN0002305,False,none
TXN0004720,False,none
TXN0001952,False,none
TXN0005033,False,none
TXN0011808,False,none
TXN0007743,False,none
TXN0004535,False,none
TXN0007045,False,none
TXN0002939,False,none
TXN0011166,False,none
TXN0001887,False,none
TXN0006462,False,none
TXN0011886,False,none
TXN0011586,False,none
TXN0009547,False,none
TXN0005669,False,none
TXN0010066,False,none
TXN0004766,False,none
TXN0000414,False,none
TXN0007733,False,none
TXN0003887,False,none
TXN0008623,False,none
TXN0007495,False,none
TXN0007607,False,none
TXN0001936,False,none
TXN0011310,False,none
TXN0005082,False,none
TXN0010849,False,none
TXN0002785,False,none
TXN0000128,False,none
TXN0002108,False,none
TXN0005460,False,none
TXN0000590,False,none
TXN0002046,False,none
TXN0008642,False,none
TXN0000928,False,none
TXN0003615,False,none
TXN0001632,False,none
TXN0011836,False,none
TXN0009283,False,none
TXN0007475,False,none
TXN0010836,False,none
TXN0010012,False,none
TXN0004691,False,none
TXN0003334,False,none
TXN0007112,False,none
TXN0007860,False,none
TXN0011561,False,none
TXN0004916,False,none
TXN0001134,False,none
TXN0003922,False,none
TXN0009962,False,none
TXN0003645,False,none
TXN0003760,False,none
TXN0000008,False,none
TXN0004682,False,none
TXN0004340,False,none
TXN0008503,False,none
TXN0010842,False,none
TXN0000383,False,none
TXN0010986,False,none
TXN0011936,False,none
TXN0009480,False,none
TXN0007669,False,none
TXN0008331,False,none
TXN0004171,False,none
TXN0001588,False,none
TXN0008314,False,none
TXN0005457,False,none
TXN0003570,False,none
TXN0000037,False,none
TXN0008473,False,none
TXN0003054,False,none
TXN0010647,False,none
TXN0008702,False,none
TXN0003740,False,none
TXN0003406,False,none
TXN0011983,True,structuring
TXN0004842,False,none
TXN0002437,False,none
TXN0001073,False,none
TXN0007400,False,none
TXN0006764,False,none
TXN0006687,False,none
TXN0006083,False,none
TXN0004698,False,none
TXN0006350,False,none
TXN0010095,False,none
TXN0011239,False,none
TXN0008139,False,none
TXN0008522,False,none
TXN0010504,False,none
TXN0006080,False,none
TXN0008129,False,none
TXN0009671,False,none
TXN0007215,False,none
TXN0004150,False,none
TXN0004384,False,none
TXN0004465,False,none
TXN0009758,False,none
TXN0003754,False,none
TXN0009107,False,none
TXN0005618,False,none
TXN0010867,False,none
TXN0009633,False,none
TXN0011333,False,none
TXN0002036,False,none
TXN0005696,False,none
TXN0003882,False,none
TXN0004017,False,none
TXN0004604,False,none
TXN0004216,False,none
TXN0010401,False,none
TXN0001691,False,none
TXN0001365,False,none
TXN0010444,False,none
TXN0009440,False,none
TXN0011122,False,none
TXN0008597,False,none
TXN0010625,False,none
TXN0009104,False,none
TXN0004500,False,none
TXN0010309,False,none
TXN0008989,False,none
TXN0003036,False,none
TXN0009188,False,none
TXN0001656,False,none
TXN0007208,False,none
TXN0008326,False,none
TXN0012163,False,lookalike_legit
TXN0001311,False,none
TXN0005436,False,none
TXN0005421,False,none
TXN0009221,False,none
TXN0006811,False,none
TXN0003585,False,none
TXN0003077,False,none
TXN0002385,False,none
TXN0000455,False,none
TXN0008958,False,none
TXN0008334,False,none
TXN0004542,False,none
TXN0004613,False,none
TXN0006827,False,none
TXN0008450,False,none
TXN0003441,False,none
TXN0008531,False,none
TXN0001219,False,none
TXN0010519,False,none
TXN0008329,False,none
TXN0004000,False,none
TXN0001456,False,none
TXN0009198,False,none
TXN0001039,False,none
TXN0003979,False,none
TXN0001659,False,none
TXN0007710,False,none
TXN0010221,False,none
TXN0000435,False,none
TXN0006559,False,none
TXN0006268,False,none
TXN0007185,False,none
TXN0008042,False,none
TXN0011236,False,none
TXN0001917,False,none
TXN0004320,False,none
TXN0009757,False,none
TXN0003901,False,none
TXN0000391,False,none
TXN0011258,False,none
TXN0008988,False,none
TXN0008893,False,none
TXN0011829,False,none
TXN0008509,False,none
TXN0008022,False,none
TXN0005180,False,none
TXN0001090,False,none
TXN0006295,False,none
TXN0009985,False,none
TXN0004119,False,none
TXN0006823,False,none
TXN0009047,False,none
TXN0009286,False,none
TXN0000482,False,none
TXN0007020,False,none
TXN0000337,False,none
TXN0010881,False,none
TXN0009829,False,none
TXN0006889,False,none
TXN0003908,False,none
TXN0000303,False,none
TXN0002386,False,none
TXN0008987,False,none
TXN0000244,False,none
TXN0002645,False,none
TXN0007445,False,none
TXN0009240,False,none
TXN0000350,False,none
TXN0006007,False,none
TXN0002625,False,none
TXN0003395,False,none
TXN0005564,False,none
TXN0000555,False,none
TXN0002537,False,none
TXN0007018,False,none
TXN0010682,False,none
TXN0009907,False,none
TXN0008304,False,none
TXN0009454,False,none
TXN0008571,False,none
TXN0004793,False,none
TXN0007488,False,none
TXN0006884,False,none
TXN0003349,False,none
TXN0000224,False,none
TXN0011807,False,none
TXN0003254,False,none
TXN0010859,False,none
TXN0010556,False,none
TXN0004733,False,none
TXN0009580,False,none
TXN0004940,False,none
TXN0010003,False,none
TXN0007084,False,none
TXN0004151,False,none
TXN0004763,False,none
TXN0005289,False,none
TXN0010790,False,none
TXN0002698,False,none
TXN0010810,False,none
TXN0000969,False,none
TXN0007798,False,none
TXN0008344,False,none
TXN0001538,False,none
TXN0010843,False,none
TXN0010141,False,none
TXN0000815,False,none
TXN0001485,False,none
TXN0011432,False,none
TXN0001555,False,none
TXN0000521,False,none
TXN0000987,False,none
TXN0004063,False,none
TXN0011212,False,none
TXN0008712,False,none
TXN0009751,False,none
TXN0001805,False,none
TXN0011341,False,none
TXN0004740,False,none
TXN0007554,False,none
TXN0011841,False,none
TXN0009008,False,none
TXN0008935,False,none
TXN0011080,False,none
TXN0007464,False,none
TXN0003497,False,none
TXN0011941,False,none
TXN0007608,False,none
TXN0003339,False,none
TXN0005334,False,none
TXN0009165,False,none
TXN0001367,False,none
TXN0008146,False,none
TXN0008391,False,none
TXN0010190,False,none
TXN0004351,False,none
TXN0010397,False,none
TXN0011411,False,none
TXN0010107,False,none
TXN0011703,False,none
TXN0010154,False,none
TXN0006466,False,none
TXN0003090,False,none
TXN0001986,False,none
TXN0003625,False,none
TXN0002717,False,none
TXN0008471,False,none
TXN0001043,False,none
TXN0000480,False,none
TXN0010779,False,none
TXN0010166,False,none
TXN0007406,False,none
TXN0009455,False,none
TXN0009687,False,none
TXN0003543,False,none
TXN0007652,False,none
TXN0000491,False,none
TXN0001460,False,none
TXN0008517,False,none
TXN0009742,False,none
TXN0008897,False,none
TXN0007515,False,none
TXN0007244,False,none
TXN0008983,False,none
TXN0010160,False,none
TXN0003180,False,none
TXN0002270,False,none
TXN0011344,False,none
TXN0005955,False,none
TXN0007236,False,none
TXN0006055,False,none
TXN0009498,False,none
TXN0001623,False,none
TXN0001675,False,none
TXN0003802,False,none
TXN0010428,False,none
TXN0006166,False,none
TXN0008209,False,none
TXN0010742,False,none
TXN0011228,False,none
TXN0003640,False,none
TXN0007799,False,none
TXN0009714,False,none
TXN0006211,False,none
TXN0006229,False,none
TXN0000445,False,none
TXN0010325,False,none
TXN0008951,False,none
TXN0000672,False,none
TXN0002407,False,none
TXN0007390,False,none
TXN0009600,False,none
TXN0003247,False,none
TXN0008703,False,none
TXN0000639,False,none
TXN0010057,False,none
TXN0006670,False,none
TXN0012098,True,layering
TXN0001935,False,none
TXN0006606,False,none
TXN0006133,False,none
TXN0002708,False,none
TXN0007641,False,none
TXN0001249,False,none
TXN0005645,False,none
TXN0001963,False,none
TXN0000400,False,none
TXN0008580,False,none
TXN0001237,False,none
TXN0011926,False,none
TXN0003655,False,none
TXN0000805,False,none
TXN0010351,False,none
TXN0000248,False,none
TXN0009087,False,none
TXN0004620,False,none
TXN0005650,False,none
TXN0004594,False,none
TXN0008608,False,none
TXN0004337,False,none
TXN0007564,False,none
TXN0003536,False,none
TXN0003978,False,none
TXN0006135,False,none
TXN0008672,False,none
TXN0009656,False,none
TXN0000070,False,none
TXN0004112,False,none
TXN0005445,False,none
TXN0000871,False,none
TXN0008593,False,none
TXN0000225,False,none
TXN0010837,False,none
TXN0006852,False,none
TXN0011690,False,none
TXN0000485,False,none
TXN0003451,False,none
TXN0003964,False,none
TXN0011457,False,none
TXN0006941,False,none
TXN0008662,False,none
TXN0007881,False,none
TXN0004475,False,none
TXN0004382,False,none
TXN0003427,False,none
TXN0009910,False,none
TXN0012048,True,velocity
TXN0010133,False,none
TXN0001489,False,none
TXN0006180,False,none
TXN0004937,False,none
TXN0003572,False,none
TXN0004538,False,none
TXN0009230,False,none
TXN0001091,False,none
TXN0005101,False,none
TXN0010228,False,none
TXN0010898,False,none
TXN0006517,False,none
TXN0002477,False,none
TXN0002136,False,none
TXN0002235,False,none
TXN0003522,False,none
TXN0000346,False,none
TXN0002269,False,none
TXN0005875,False,none
TXN0008715,False,none
TXN0005609,False,none
TXN0009515,False,none
TXN0000300,False,none
TXN0005230,False,none
TXN0006557,False,none
TXN0007339,False,none
TXN0008235,False,none
TXN0001360,False,none
TXN0005071,False,none
TXN0004633,False,none
TXN0009783,False,none
TXN0012117,False,lookalike_legit
TXN0008970,False,none
TXN0001589,False,none
TXN0009086,False,none
TXN0006179,False,none
TXN0009562,False,none
TXN0008605,False,none
TXN0008001,False,none
TXN0001443,False,none
TXN0011874,False,none
TXN0008767,False,none
TXN0004685,False,none
TXN0009210,False,none
TXN0000650,False,none
TXN0009657,False,none
TXN0004891,False,none
TXN0009861,False,none
TXN0000556,False,none
TXN0000799,False,none
TXN0010720,False,none
TXN0004737,False,none
TXN0004708,False,none
TXN0002173,False,none
TXN0005406,False,none
TXN0004058,False,none
TXN0002102,False,none
TXN0000114,False,none
TXN0005216,False,none
TXN0004355,False,none
TXN0007742,False,none
TXN0011871,False,none
TXN0011040,False,none
TXN0006723,False,none
TXN0000926,False,none
TXN0000541,False,none
TXN0008618,False,none
TXN0010700,False,none
TXN0001323,False,none
TXN0002164,False,none
TXN0000196,False,none
TXN0000004,False,none
TXN0003044,False,none
TXN0001148,False,none
TXN0005546,False,none
TXN0009347,False,none
TXN0010833,False,none
TXN0008226,False,none
TXN0006586,False,none
TXN0010326,False,none
TXN0002958,False,none
TXN0004728,False,none
TXN0006546,False,none
TXN0006311,False,none
TXN0010135,False,none
TXN0004262,False,none
TXN0001098,False,none
TXN0002755,False,none
TXN0003759,False,none
TXN0008017,False,none
TXN0004322,False,none
TXN0010223,False,none
TXN0003351,False,none
TXN0002890,False,none
TXN0006752,False,none
TXN0010615,False,none
TXN0001061,False,none
TXN0007749,False,none
TXN0008963,False,none
TXN0002267,False,none
TXN0003502,False,none
TXN0010362,False,none
TXN0005265,False,none
TXN0005901,False,none
TXN0007636,False,none
TXN0003025,False,none
TXN0000656,False,none
TXN0006833,False,none
TXN0005905,False,none
TXN0004856,False,none
TXN0006954,False,none
TXN0008494,False,none
TXN0007693,False,none
TXN0004668,False,none
TXN0001284,False,none
TXN0011498,False,none
TXN0000730,False,none
TXN0004447,False,none
TXN0001801,False,none
TXN0006816,False,none
TXN0000738,False,none
TXN0001231,False,none
TXN0010063,False,none
TXN0011048,False,none
TXN0005182,False,none
TXN0010871,False,none
TXN0006561,False,none
TXN0011182,False,none
TXN0011058,False,none
TXN0006682,False,none
TXN0006885,False,none
TXN0005803,False,none
TXN0009495,False,none
TXN0009997,False,none
TXN0004962,False,none
TXN0006202,False,none
TXN0005810,False,none
TXN0011943,False,none
TXN0007449,False,none
TXN0001714,False,none
TXN0007076,False,none
TXN0011358,False,none
TXN0009653,False,none
TXN0004339,False,none
TXN0010944,False,none
TXN0009434,False,none
TXN0002546,False,none
TXN0006747,False,none
TXN0000218,False,none
TXN0001721,False,none
TXN0002264,False,none
TXN0009062,False,none
TXN0011470,False,none
TXN0001304,False,none
TXN0002705,False,none
TXN0004040,False,none
TXN0009013,False,none
TXN0006923,False,none
TXN0007444,False,none
TXN0000148,False,none
TXN0004760,False,none
TXN0011224,False,none
TXN0004896,False,none
TXN0010641,False,none
TXN0011518,False,none
TXN0009742,False,none
TXN0007462,False,none
TXN0002671,False,none
TXN0010310,False,none
TXN0004818,False,none
TXN0008688,False,none
TXN0009146,False,none
TXN0000284,False,none
TXN0006408,False,none
TXN0008054,False,none
TXN0008395,False,none
TXN0000753,False,none
TXN0004436,False,none
TXN0003923,False,none
TXN0000619,False,none
TXN0006769,False,none
TXN0000486,False,none
TXN0006613,False,none
TXN0006595,False,none
TXN0000307,False,none
TXN0009360,False,none
TXN0001262,False,none
TXN0008906,False,none
TXN0003031,False,none
TXN0002644,False,none
TXN0005635,False,none
TXN0002468,False,none
TXN0010581,False,none
TXN0010023,False,none
TXN0003402,False,none
TXN0007975,False,none
TXN0009951,False,none
TXN0003243,False,none
TXN0011791,False,none
TXN0003756,False,none
TXN0011445,False,none
TXN0002393,False,none
TXN0006739,False,none
TXN0009358,False,none
TXN0011747,False,none
TXN0010557,False,none
TXN0001832,False,none
TXN0000483,False,none
TXN0003008,False,none
TXN0006652,False,none
TXN0003037,False,none
TXN0006412,False,none
TXN0005432,False,none
TXN0007067,False,none
TXN0009334,False,none
TXN0004920,False,none
TXN0004860,False,none
TXN0001176,False,none
TXN0005152,False,none
TXN0005105,False,none
TXN0009127,False,none
TXN0001878,False,none
TXN0005886,False,none
TXN0001700,False,none
TXN0011325,False,none
TXN0011722,False,none
TXN0011112,False,none
TXN0008502,False,none
TXN0005729,False,none
TXN0008310,False,none
TXN0001403,False,none
TXN0010222,False,none
TXN0003885,False,none
TXN0011835,False,none
TXN0005877,False,none
TXN0000804,False,none
TXN0004076,False,none
TXN0001475,False,none
TXN0011056,False,none
TXN0004419,False,none
TXN0002562,False,none
TXN0006464,False,none
TXN0005505,False,none
TXN0010887,False,none
TXN0004133,False,none
TXN0006035,False,none
TXN0012076,True,high_risk_geo
TXN0000457,False,none
TXN0001306,False,none
TXN0003851,False,none
TXN0010475,False,none
TXN0009955,False,none
TXN0009788,False,none
TXN0011855,False,none
TXN0005270,False,none
TXN0002914,False,none
TXN0007528,False,none
TXN0002374,False,none
TXN0007404,False,none
TXN0004992,False,none
TXN0006697,False,none
TXN0000205,False,none
TXN0003106,False,none
TXN0001605,False,none
TXN0004961,False,none
TXN0004998,False,none
TXN0010083,False,none
TXN0009054,False,none
TXN0005234,False,none
TXN0005765,False,none
TXN0000523,False,none
TXN0009774,False,none
TXN0011496,False,none
TXN0003492,False,none
TXN0007029,False,none
TXN0008887,False,none
TXN0008332,False,none
TXN0008992,False,none
TXN0004460,False,none
TXN0009955,False,none
TXN0000310,False,none
TXN0000609,False,none
TXN0010666,False,none
TXN0011217,False,none
TXN0004579,False,none
TXN0000957,False,none
TXN0004736,False,none
TXN0005208,False,none
TXN0011318,False,none
TXN0005490,False,none
TXN0003240,False,none
TXN0005371,False,none
TXN0004381,False,none
TXN0011392,False,none
TXN0010102,False,none
TXN0003826,False,none
TXN0009645,False,none
TXN0010173,False,none
TXN0007563,False,none
TXN0008353,False,none
TXN0010164,False,none
TXN0009684,False,none
TXN0005644,False,none
TXN0004702,False,none
TXN0011100,False,none
TXN0009541,False,none
TXN0010628,False,none
TXN0009721,False,none
TXN0011571,False,none
TXN0003886,False,none
TXN0007258,False,none
TXN0000956,False,none
TXN0001239,False,none
TXN0001052,False,none
TXN0009920,False,none
TXN0000499,False,none
TXN0009488,False,none
TXN0004950,False,none
TXN0011542,False,none
TXN0005002,False,none
TXN0008233,False,none
TXN0004809,False,none
TXN0012109,False,lookalike_legit
TXN0002491,False,none
TXN0004801,False,none
TXN0011826,False,none
TXN0003200,False,none
TXN0002355,False,none
TXN0008779,False,none
TXN0006922,False,none
TXN0009378,False,none
TXN0010987,False,none
TXN0004669,False,none
TXN0001007,False,none
TXN0002565,False,none
TXN0000844,False,none
TXN0005837,False,none
TXN0007832,False,none
TXN0000373,False,none
TXN0004808,False,none
TXN0011915,False,none
TXN0005038,False,none
TXN0007927,False,none
TXN0006897,False,none
TXN0004329,False,none
TXN0007421,False,none
TXN0006512,False,none
TXN0002061,False,none
TXN0008312,False,none
TXN0003748,False,none
TXN0010870,False,none
TXN0006685,False,none
TXN0005137,False,none
TXN0005287,False,none
TXN0005058,False,none
TXN0004964,False,none
TXN0011616,False,none
TXN0006388,False,none
TXN0003956,False,none
TXN0011531,False,none
TXN0009177,False,none
TXN0011732,False,none
TXN0003562,False,none
TXN0003874,False,none
TXN0002422,False,none
TXN0010547,False,none
TXN0009277,False,none
TXN0007165,False,none
TXN0008077,False,none
TXN0006457,False,none
TXN0005021,False,none
TXN0003784,False,none
TXN0009140,False,none
TXN0006325,False,none
TXN0002253,False,none
TXN0010964,False,none
TXN0006899,False,none
TXN0011901,False,none
TXN0003421,False,none
TXN0006509,False,none
TXN0006805,False,none
TXN0007222,False,none
TXN0002622,False,none
TXN0003001,False,none
TXN0004467,False,none
TXN0006891,False,none
TXN0010657,False,none
TXN0004546,False,none
TXN0000635,False,none
TXN0005677,False,none
TXN0008120,False,none
TXN0010540,False,none
TXN0010356,False,none
TXN0006424,False,none
TXN0004252,False,none
TXN0008771,False,none
TXN0009068,False,none
TXN0010390,False,none
TXN0005957,False,none
TXN0003022,False,none
TXN0006714,False,none
TXN0004033,False,none
TXN0005577,False,none
TXN0003720,False,none
TXN0010124,False,none
TXN0011933,False,none
TXN0005178,False,none
TXN0006296,False,none
TXN0003120,False,none
TXN0005598,False,none
TXN0011209,False,none
TXN0010928,False,none
TXN0002724,False,none
TXN0003297,False,none
TXN0005459,False,none
TXN0004005,False,none
TXN0002057,False,none
TXN0011400,False,none
TXN0008676,False,none
TXN0012162,False,lookalike_legit
TXN0005549,False,none
TXN0006990,False,none
TXN0010127,False,none
TXN0008699,False,none
TXN0006060,False,none
TXN0011204,False,none
TXN0008414,False,none
TXN0001504,False,none
TXN0011442,False,none
TXN0007316,False,none
TXN0009851,False,none
TXN0006822,False,none
TXN0009356,False,none
TXN0005936,False,none
TXN0003258,False,none
TXN0009802,False,none
TXN0007654,False,none
TXN0011503,False,none
TXN0009367,False,none
TXN0010624,False,none
TXN0000848,False,none
TXN0003589,False,none
TXN0007004,False,none
TXN0012154,False,lookalike_legit
TXN0000676,False,none
TXN0008496,False,none
TXN0007573,False,none
TXN0011415,False,none
TXN0010395,False,none
TXN0009925,False,none
TXN0003768,False,none
TXN0008861,False,none
TXN0005591,False,none
TXN0007373,False,none
TXN0009913,False,none
TXN0010860,False,none
TXN0010168,False,none
TXN0010655,False,none
TXN0004363,False,none
TXN0003187,False,none
TXN0000489,False,none
TXN0009017,False,none
TXN0002211,False,none
TXN0011366,False,none
TXN0008740,False,none
TXN0001672,False,none
TXN0008879,False,none
TXN0010378,False,none
TXN0002817,False,none
TXN0005053,False,none
TXN0004924,False,none
TXN0002678,False,none
TXN0000108,False,none
TXN0004864,False,none
TXN0009474,False,none
TXN0001280,False,none
TXN0005578,False,none
TXN0010789,False,none
TXN0002066,False,none
TXN0005943,False,none
TXN0011627,False,none
TXN0007312,False,none
TXN0009181,False,none
TXN0003764,False,none
TXN0007296,False,none
TXN0003011,False,none
TXN0010905,False,none
TXN0008612,False,none
TXN0007574,False,none
TXN0005587,False,none
TXN0007172,False,none
TXN0001864,False,none
TXN0006377,False,none
TXN0003067,False,none
TXN0003999,False,none
TXN0003469,False,none
TXN0009702,False,none
TXN0004244,False,none
TXN0007367,False,none
TXN0010668,False,none
TXN0003997,False,none
TXN0007041,False,none
TXN0010649,False,none
TXN0002567,False,none
TXN0000873,False,none
TXN0008392,False,none
TXN0011019,False,none
TXN0002122,False,none
TXN0008500,False,none
TXN0003267,False,none
TXN0001566,False,none
TXN0011449,False,none
TXN0008221,False,none
TXN0001982,False,none
TXN0006339,False,none
TXN0006719,False,none
TXN0009882,False,none
TXN0006818,False,none
TXN0006366,False,none
TXN0011876,False,none
TXN0007030,False,none
TXN0002878,False,none
TXN0004989,False,none
TXN0004115,False,none
TXN0000716,False,none
TXN0001136,False,none
TXN0009536,False,none
TXN0003413,False,none
TXN0008655,False,none
TXN0008272,False,none
TXN0000775,False,none
TXN0003407,False,none
TXN0007569,False,none
TXN0009747,False,none
TXN0009049,False,none
TXN0006189,False,none
TXN0003915,False,none
TXN0007379,False,none
TXN0008413,False,none
TXN0011269,False,none
TXN0000289,False,none
TXN0010889,False,none
TXN0003537,False,none
TXN0003324,False,none
TXN0009654,False,none
TXN0008700,False,none
TXN0004296,False,none
TXN0007530,False,none
TXN0006250,False,none
TXN0000910,False,none
TXN0008455,False,none
TXN0011256,False,none
TXN0009530,False,none
TXN0009598,False,none
TXN0001506,False,none
TXN0009820,False,none
TXN0000894,False,none
TXN0009790,False,none
TXN0009705,False,none
TXN0003871,False,none
TXN0009819,False,none
TXN0004060,False,none
TXN0000358,False,none
TXN0009972,False,none
TXN0006890,False,none
TXN0008095,False,none
TXN0002789,False,none
TXN0002745,False,none
TXN0001127,False,none
TXN0009739,False,none
TXN0001940,False,none
TXN0005327,False,none
TXN0005918,False,none
TXN0006402,False,none
TXN0001126,False,none
TXN0011131,False,none
TXN0000283,False,none
TXN0004208,False,none
TXN0000487,False,none
TXN0009931,False,none
TXN0007548,False,none
TXN0001268,False,none
TXN0006895,False,none
TXN0009067,False,none
TXN0001797,False,none
TXN0004885,False,none
TXN0002230,False,none
TXN0001094,False,none
TXN0001974,False,none
TXN0004953,False,none
TXN0000706,False,none
TXN0004043,False,none
TXN0003573,False,none
TXN0009604,False,none
TXN0006071,False,none
TXN0001234,False,none
TXN0007935,False,none
TXN0001788,False,none
TXN0005028,False,none
TXN0007854,False,none
TXN0006294,False,none
TXN0001093,False,none
TXN0004294,False,none
TXN0007403,False,none
TXN0010391,False,none
TXN0006471,False,none
TXN0010841,False,none
TXN0006022,False,none
TXN0011628,False,none
TXN0001842,False,none
TXN0003738,False,none
TXN0007189,False,none
TXN0006353,False,none
TXN0003762,False,none
TXN0010040,False,none
TXN0000299,False,none
TXN0006625,False,none
TXN0001229,False,none
TXN0003904,False,none
TXN0006886,False,none
TXN0004068,False,none
TXN0005637,False,none
TXN0002467,False,none
TXN0001469,False,none
TXN0001451,False,none
TXN0005368,False,none
TXN0001211,False,none
TXN0011647,False,none
TXN0003749,False,none
TXN0005449,False,none
TXN0001197,False,none
TXN0002471,False,none
TXN0000633,False,none
TXN0011273,False,none
TXN0006828,False,none
TXN0006634,False,none
TXN0007503,False,none
TXN0011079,False,none
TXN0007735,False,none
TXN0004221,False,none
TXN0005251,False,none
TXN0004167,False,none
TXN0009658,False,none
TXN0009554,False,none
TXN0001079,False,none
TXN0005325,False,none
TXN0005939,False,none
TXN0009187,False,none
TXN0003663,False,none
TXN0008181,False,none
TXN0000978,False,none
TXN0000099,False,none
TXN0005157,False,none
TXN0007969,False,none
TXN0010061,False,none
TXN0007278,False,none
TXN0006230,False,none
TXN0006789,False,none
TXN0009274,False,none
TXN0008035,False,none
TXN0011402,False,none
TXN0006139,False,none
TXN0006733,False,none
TXN0004350,False,none
TXN0010616,False,none
TXN0004457,False,none
TXN0009147,False,none
TXN0003992,False,none
TXN0002534,False,none
TXN0001706,False,none
TXN0009433,False,none
TXN0009257,False,none
TXN0003028,False,none
TXN0006183,False,none
TXN0006483,False,none
TXN0012025,True,velocity
TXN0011163,False,none
TXN0006192,False,none
TXN0011189,False,none
TXN0008507,False,none
TXN0001658,False,none
TXN0005724,False,none
TXN0005089,False,none
TXN0009987,False,none
TXN0001854,False,none
TXN0001674,False,none
TXN0010487,False,none
TXN0002250,False,none
TXN0001363,False,none
TXN0011328,False,none
TXN0011376,False,none
TXN0008154,False,none
TXN0011774,False,none
TXN0001358,False,none
TXN0006973,False,none
TXN0008805,False,none
TXN0007466,False,none
TXN0001209,False,none
TXN0004412,False,none
TXN0003931,False,none
TXN0008179,False,none
TXN0003347,False,none
TXN0001985,False,none
TXN0003718,False,none
TXN0003733,False,none
TXN0004285,False,none
TXN0009014,False,none
TXN0003838,False,none
TXN0010308,False,none
TXN0007738,False,none
TXN0000234,False,none
TXN0009947,False,none
TXN0002039,False,none
TXN0008565,False,none
TXN0007861,False,none
TXN0000613,False,none
TXN0004251,False,none
TXN0002827,False,none
TXN0011724,False,none
TXN0011707,False,none
TXN0002345,False,none
TXN0002899,False,none
TXN0006217,False,none
TXN0009027,False,none
TXN0010560,False,none
TXN0001624,False,none
TXN0011484,False,none
TXN0004410,False,none
TXN0000314,False,none
TXN0006654,False,none
TXN0008994,False,none
TXN0007622,False,none
TXN0009006,False,none
TXN0001103,False,none
TXN0001005,False,none
TXN0001903,False,none
TXN0011881,False,none
TXN0005488,False,none
TXN0001066,False,none
TXN0011997,True,velocity
TXN0006555,False,none
TXN0007450,False,none
TXN0006304,False,none
TXN0008065,False,none
TXN0012155,False,lookalike_legit
TXN0000151,False,none
TXN0003163,False,none
TXN0003906,False,none
TXN0006029,False,none
TXN0011029,False,none
TXN0002893,False,none
TXN0009965,False,none
TXN0000917,False,none
TXN0005463,False,none
TXN0008795,False,none
TXN0004767,False,none
TXN0009669,False,none
TXN0007597,False,none
TXN0009696,False,none
TXN0006980,False,none
TXN0010888,False,none
TXN0006399,False,none
TXN0003161,False,none
TXN0001686,False,none
TXN0003739,False,none
TXN0003205,False,none
TXN0010951,False,none
TXN0006114,False,none
TXN0009484,False,none
TXN0001663,False,none
TXN0012073,True,high_risk_geo
TXN0002821,False,none
TXN0011035,False,none
TXN0005052,False,none
TXN0002680,False,none
TXN0002883,False,none
TXN0006411,False,none
TXN0009967,False,none
TXN0000312,False,none
TXN0006675,False,none
TXN0001253,False,none
TXN0010220,False,none
TXN0003299,False,none
TXN0008212,False,none
TXN0001147,False,none
TXN0001303,False,none
TXN0005615,False,none
TXN0005111,False,none
TXN0001939,False,none
TXN0008048,False,none
TXN0009397,False,none
TXN0011202,False,none
TXN0001746,False,none
TXN0011462,False,none
TXN0008107,False,none
TXN0003678,False,none
TXN0005515,False,none
TXN0002753,False,none
TXN0005547,False,none
TXN0010909,False,none
TXN0001405,False,none
TXN0001874,False,none
TXN0007297,False,none
TXN0010609,False,none
TXN0010468,False,none
TXN0009058,False,none
TXN0004380,False,none
TXN0000120,False,none
TXN0011657,False,none
TXN0003849,False,none
TXN0011452,False,none
TXN0003080,False,none
TXN0004372,False,none
TXN0002907,False,none
TXN0005215,False,none
TXN0010733,False,none
TXN0004553,False,none
TXN0004126,False,none
TXN0001574,False,none
TXN0004785,False,none
TXN0003706,False,none
TXN0001796,False,none
TXN0011891,False,none
TXN0011494,False,none
TXN0006871,False,none
TXN0004238,False,none
TXN0004836,False,none
TXN0006709,False,none
TXN0010600,False,none
TXN0005606,False,none
TXN0010703,False,none
TXN0008280,False,none
TXN0011330,False,none
TXN0005075,False,none
TXN0006531,False,none
TXN0001373,False,none
TXN0004298,False,none
TXN0005960,False,none
TXN0007758,False,none
TXN0011014,False,none
TXN0011489,False,none
TXN0002015,False,none
TXN0003602,False,none
TXN0010250,False,none
TXN0010051,False,none
TXN0003609,False,none
TXN0003528,False,none
TXN0002699,False,none
TXN0008817,False,none
TXN0011596,False,none
TXN0000923,False,none
TXN0009494,False,none
TXN0000494,False,none
TXN0002694,False,none
TXN0010573,False,none
TXN0011884,False,none
TXN0006850,False,none
TXN0008589,False,none
TXN0001744,False,none
TXN0006771,False,none
TXN0009085,False,none
TXN0003508,False,none
TXN0005370,False,none
TXN0002697,False,none
TXN0009574,False,none
TXN0010313,False,none
TXN0007679,False,none
TXN0003479,False,none
TXN0009389,False,none
TXN0011477,False,none
TXN0000242,False,none
TXN0004799,False,none
TXN0007074,False,none
TXN0007506,False,none
TXN0006175,False,none
TXN0002485,False,none
TXN0001195,False,none
TXN0010464,False,none
TXN0003865,False,none
TXN0003183,False,none
TXN0010898,False,none
TXN0006070,False,none
TXN0004095,False,none
TXN0005201,False,none
TXN0008458,False,none
TXN0010196,False,none
TXN0010572,False,none
TXN0009733,False,none
TXN0005844,False,none
TXN0005785,False,none
TXN0011825,False,none
TXN0002201,False,none
TXN0011811,False,none
TXN0005418,False,none
TXN0005238,False,none
TXN0004356,False,none
TXN0003340,False,none
TXN0004863,False,none
TXN0001381,False,none
TXN0002558,False,none
TXN0006761,False,none
TXN0007177,False,none
TXN0003014,False,none
TXN0000883,False,none
TXN0006776,False,none
TXN0011174,False,none
TXN0004621,False,none
TXN0003030,False,none
TXN0003385,False,none
TXN0008286,False,none
TXN0001355,False,none
TXN0000073,False,none
TXN0000997,False,none
TXN0005193,False,none
TXN0006204,False,none
TXN0008320,False,none
TXN0011254,False,none
TXN0008190,False,none
TXN0011268,False,none
TXN0006868,False,none
TXN0009678,False,none
TXN0006894,False,none
TXN0005309,False,none
TXN0009968,False,none
TXN0001438,False,none
TXN0004242,False,none
TXN0005856,False,none
TXN0011712,False,none
TXN0011076,False,none
TXN0008659,False,none
TXN0003304,False,none
TXN0006809,False,none
TXN0003029,False,none
TXN0004645,False,none
TXN0011904,False,none
TXN0002263,False,none
TXN0011009,False,none
TXN0000367,False,none
TXN0009207,False,none
TXN0011068,False,none
TXN0005900,False,none
TXN0007532,False,none
TXN0000065,False,none
TXN0007059,False,none
TXN0007887,False,none
TXN0005605,False,none
TXN0006168,False,none
TXN0003373,False,none
TXN0008311,False,none
TXN0011533,False,none
TXN0006472,False,none
TXN0000929,False,none
TXN0011075,False,none
TXN0005468,False,none
TXN0003843,False,none
TXN0004601,False,none
TXN0011198,False,none
TXN0005741,False,none
TXN0011563,False,none
TXN0007355,False,none
TXN0007057,False,none
TXN0000554,False,none
TXN0000406,False,none
TXN0006959,False,none
TXN0009122,False,none
TXN0007455,False,none
TXN0004656,False,none
TXN0001165,False,none
TXN0010549,False,none
TXN0002183,False,none
TXN0008222,False,none
TXN0008747,False,none
TXN0007849,False,none
TXN0011734,False,none
TXN0008528,False,none
TXN0003445,False,none
TXN0008513,False,none
TXN0002977,False,none
TXN0001106,False,none
TXN0005723,False,none
TXN0007008,False,none
TXN0006242,False,none
TXN0001411,False,none
TXN0008537,False,none
TXN0001232,False,none
TXN0006645,False,none
TXN0001464,False,none
TXN0007005,False,none
TXN0010800,False,none
TXN0010334,False,none
TXN0004316,False,none
TXN0008057,False,none
TXN0006264,False,none
TXN0007459,False,none
TXN0001834,False,none
TXN0007479,False,none
TXN0001948,False,none
TXN0000188,False,none
TXN0000965,False,none
TXN0006814,False,none
TXN0001666,False,none
TXN0000539,False,none
TXN0006583,False,none
TXN0000245,False,none
TXN0004048,False,none
TXN0010469,False,none
TXN0006829,False,none
TXN0010675,False,none
TXN0010121,False,none
TXN0007757,False,none
TXN0009431,False,none
TXN0008586,False,none
TXN0010511,False,none
TXN0008855,False,none
TXN0004975,False,none
TXN0007546,False,none
TXN0009792,False,none
TXN0011149,False,none
TXN0006575,False,none
TXN0010224,False,none
TXN0003013,False,none
TXN0010311,False,none
TXN0008830,False,none
TXN0002777,False,none
TXN0001018,False,none
TXN0006715,False,none
TXN0001910,False,none
TXN0001290,False,none
TXN0005405,False,none
TXN0010170,False,none
TXN0009466,False,none
TXN0009070,False,none
TXN0010884,False,none
TXN0003971,False,none
TXN0007302,False,none
TXN0003361,False,none
TXN0001612,False,none
TXN0004772,False,none
TXN0005456,False,none
TXN0004870,False,none
TXN0006588,False,none
TXN0010676,False,none
TXN0003484,False,none
TXN0011363,False,none
TXN0008514,False,none
TXN0010958,False,none
TXN0001680,False,none
TXN0004324,False,none
TXN0011558,False,none
TXN0009474,False,none
TXN0007978,False,none
TXN0006582,False,none
TXN0000098,False,none
TXN0003446,False,none
TXN0010652,False,none
TXN0004127,False,none
TXN0009482,False,none
TXN0006921,False,none
TXN0011598,False,none
TXN0009735,False,none
TXN0004002,False,none
TXN0010119,False,none
TXN0005640,False,none
TXN0009939,False,none
TXN0005233,False,none
TXN0003004,False,none
TXN0007260,False,none
TXN0008624,False,none
TXN0005969,False,none
TXN0010306,False,none
TXN0002682,False,none
TXN0002519,False,none
TXN0005681,False,none
TXN0009966,False,none
TXN0001634,False,none
TXN0005302,False,none
TXN0004118,False,none
TXN0001532,False,none
TXN0004497,False,none
TXN0008860,False,none
TXN0007311,False,none
TXN0002366,False,none
TXN0003792,False,none
TXN0006859,False,none
TXN0002908,False,none
TXN0003864,False,none
TXN0001163,False,none
TXN0010264,False,none
TXN0009873,False,none
TXN0005661,False,none
TXN0000980,False,none
TXN0000538,False,none
TXN0011283,False,none
TXN0005425,False,none
TXN0007062,False,none
TXN0003713,False,none
TXN0004913,False,none
TXN0004855,False,none
TXN0004223,False,none
TXN0000749,False,none
TXN0007917,False,none
TXN0008351,False,none
TXN0005873,False,none
TXN0002919,False,none
TXN0000421,False,none
TXN0001702,False,none
TXN0005200,False,none
TXN0003107,False,none
TXN0005314,False,none
TXN0005091,False,none
TXN0011429,False,none
TXN0005171,False,none
TXN0011538,False,none
TXN0000768,False,none
TXN0001804,False,none
TXN0006259,False,none
TXN0001594,False,none
TXN0010274,False,none
TXN0007628,False,none
TXN0011896,False,none
TXN0006976,False,none
TXN0008932,False,none
TXN0005040,False,none
TXN0003265,False,none
TXN0010865,False,none
TXN0006919,False,none
TXN0000692,False,none
TXN0010047,False,none
TXN0005116,False,none
TXN0003722,False,none
TXN0009908,False,none
TXN0000408,False,none
TXN0007791,False,none
TXN0008570,False,none
TXN0004030,False,none
TXN0008999,False,none
TXN0000773,False,none
TXN0011043,False,none
TXN0003680,False,none
TXN0006657,False,none
TXN0006967,False,none
TXN0005347,False,none
TXN0009685,False,none
TXN0004996,False,none
TXN0008474,False,none
TXN0009897,False,none
TXN0005377,False,none
TXN0004128,False,none
TXN0011792,False,none
TXN0008362,False,none
TXN0008036,False,none
TXN0011852,False,none
TXN0007867,False,none
TXN0007995,False,none
TXN0000846,False,none
TXN0007629,False,none
TXN0005124,False,none
TXN0005655,False,none
TXN0000143,False,none
TXN0005119,False,none
TXN0009543,False,none
TXN0001739,False,none
TXN0010211,False,none
TXN0004597,False,none
TXN0006824,False,none
TXN0011607,False,none
TXN0001813,False,none
TXN0002178,False,none
TXN0011034,False,none
TXN0006391,False,none
TXN0010927,False,none
TXN0004955,False,none
TXN0006041,False,none
TXN0004892,False,none
TXN0005944,False,none
TXN0004287,False,none
TXN0011917,False,none
TXN0009497,False,none
TXN0000739,False,none
TXN0005617,False,none
TXN0001848,False,none
TXN0000162,False,none
TXN0007050,False,none
TXN0009265,False,none
TXN0007599,False,none
TXN0006529,False,none
TXN0008982,False,none
TXN0011468,False,none
TXN0006369,False,none
TXN0004525,False,none
TXN0011964,True,structuring
TXN0010590,False,none
TXN0001636,False,none
TXN0007900,False,none
TXN0000950,False,none
TXN0005627,False,none
TXN0008996,False,none
TXN0009730,False,none
TXN0011502,False,none
TXN0001888,False,none
TXN0000058,False,none
TXN0000369,False,none
TXN0000407,False,none
TXN0008591,False,none
TXN0004456,False,none
TXN0009099,False,none
TXN0000458,False,none
TXN0006666,False,none
TXN0007209,False,none
TXN0000239,False,none
TXN0010434,False,none
TXN0007853,False,none
TXN0005384,False,none
TXN0008355,False,none
TXN0004830,False,none
TXN0003732,False,none
TXN0003549,False,none
TXN0004336,False,none
TXN0009575,False,none
TXN0009964,False,none
TXN0008248,False,none
TXN0006415,False,none
TXN0003661,False,none
TXN0011015,False,none
TXN0001336,False,none
TXN0006440,False,none
TXN0008016,False,none
TXN0004330,False,none
TXN0005391,False,none
TXN0012151,False,lookalike_legit
TXN0011786,False,none
TXN0009592,False,none
TXN0005530,False,none
TXN0002010,False,none
TXN0008557,False,none
TXN0005902,False,none
TXN0002805,False,none
TXN0007429,False,none
TXN0001106,False,none
TXN0000920,False,none
TXN0010123,False,none
TXN0010425,False,none
TXN0011267,False,none
TXN0007401,False,none
TXN0008600,False,none
TXN0007289,False,none
TXN0000860,False,none
TXN0004679,False,none
TXN0011809,False,none
TXN0012112,False,lookalike_legit
TXN0000620,False,none
TXN0002306,False,none
TXN0011323,False,none
TXN0000490,False,none
TXN0004851,False,none
TXN0004006,False,none
TXN0007154,False,none
TXN0005261,False,none
TXN0006341,False,none
TXN0000937,False,none
TXN0002497,False,none
TXN0008800,False,none
TXN0008695,False,none
TXN0009601,False,none
TXN0011377,False,none
TXN0003975,False,none
TXN0000156,False,none
TXN0009971,False,none
TXN0004123,False,none
TXN0001780,False,none
TXN0001629,False,none
TXN0005912,False,none
TXN0008204,False,none
TXN0001592,False,none
TXN0009621,False,none
TXN0007327,False,none
TXN0009022,False,none
TXN0003927,False,none
TXN0007485,False,none
TXN0000778,False,none
TXN0010571,False,none
TXN0007006,False,none
TXN0005932,False,none
TXN0005887,False,none
TXN0002165,False,none
TXN0007299,False,none
TXN0001274,False,none
TXN0002469,False,none
TXN0000890,False,none
TXN0003504,False,none
TXN0010358,False,none
TXN0004061,False,none
TXN0007140,False,none
TXN0006647,False,none
TXN0007080,False,none
TXN0005160,False,none
TXN0003994,False,none
TXN0004373,False,none
TXN0002103,False,none
TXN0006982,False,none
TXN0006106,False,none
TXN0010670,False,none
TXN0000740,False,none
TXN0000592,False,none
TXN0001618,False,none
TXN0010011,False,none
TXN0005829,False,none
TXN0007173,False,none
TXN0005894,False,none
TXN0001802,False,none
TXN0010664,False,none
TXN0003189,False,none
TXN0001693,False,none
TXN0000041,False,none
TXN0005361,False,none
TXN0007174,False,none
TXN0003066,False,none
TXN0009791,False,none
TXN0008575,False,none
TXN0004486,False,none
TXN0001170,False,none
TXN0012142,False,lookalike_legit
TXN0002221,False,none
TXN0010950,False,none
TXN0008160,False,none
TXN0000544,False,none
TXN0004099,False,none
TXN0003302,False,none
TXN0003793,False,none
TXN0000270,False,none
TXN0008758,False,none
TXN0001995,False,none
TXN0005838,False,none
TXN0009924,False,none
TXN0011919,False,none
TXN0005165,False,none
TXN0008376,False,none
TXN0000540,False,none
TXN0005279,False,none
TXN0003145,False,none
TXN0000075,False,none
TXN0003264,False,none
TXN0001758,False,none
TXN0001317,False,none
TXN0001497,False,none
TXN0006905,False,none
TXN0000693,False,none
TXN0005192,False,none
TXN0011713,False,none
TXN0005748,False,none
TXN0010254,False,none
TXN0006616,False,none
TXN0009917,False,none
TXN0002019,False,none
TXN0001954,False,none
TXN0009695,False,none
TXN0007814,False,none
TXN0007085,False,none
TXN0010725,False,none
TXN0000712,False,none
TXN0011649,False,none
TXN0008009,False,none
TXN0001564,False,none
TXN0000127,False,none
TXN0001705,False,none
TXN0000857,False,none
TXN0005106,False,none
TXN0005581,False,none
TXN0005467,False,none
TXN0003962,False,none
TXN0000063,False,none
TXN0003105,False,none
TXN0002953,False,none
TXN0004502,False,none
TXN0004948,False,none
TXN0006673,False,none
TXN0001882,False,none
TXN0010653,False,none
TXN0010850,False,none
TXN0008599,False,none
TXN0002357,False,none
TXN0003410,False,none
TXN0006578,False,none
TXN0003296,False,none
TXN0011045,False,none
TXN0008038,False,none
TXN0009156,False,none
TXN0005416,False,none
TXN0002378,False,none
TXN0005964,False,none
TXN0004233,False,none
TXN0003600,False,none
TXN0005782,False,none
TXN0002153,False,none
TXN0001416,False,none
TXN0007943,False,none
TXN0006770,False,none
TXN0001048,False,none
TXN0004254,False,none
TXN0009723,False,none
TXN0003779,False,none
TXN0011102,False,none
TXN0001599,False,none
TXN0005689,False,none
TXN0005395,False,none
TXN0002456,False,none
TXN0002273,False,none
TXN0009772,False,none
TXN0006812,False,none
TXN0000493,False,none
TXN0006880,False,none
TXN0011932,False,none
TXN0008430,False,none
TXN0005125,False,none
TXN0000397,False,none
TXN0009655,False,none
TXN0001752,False,none
TXN0011710,False,none
TXN0009407,False,none
TXN0000287,False,none
TXN0010183,False,none
TXN0005560,False,none
TXN0012077,True,high_risk_geo
TXN0006195,False,none
TXN0004235,False,none
TXN0003350,False,none
TXN0004264,False,none
TXN0000916,False,none
TXN0007026,False,none
TXN0002508,False,none
TXN0003516,False,none
TXN0004020,False,none
TXN0004683,False,none
TXN0010510,False,none
TXN0005529,False,none
TXN0010814,False,none
TXN0002798,False,none
TXN0008479,False,none
TXN0007876,False,none
TXN0007522,False,none
TXN0001042,False,none
TXN0004147,False,none
TXN0000924,False,none
TXN0000481,False,none
TXN0002560,False,none
TXN0000667,False,none
TXN0003152,False,none
TXN0005871,False,none
TXN0000976,False,none
TXN0006156,False,none
TXN0006892,False,none
TXN0007038,False,none
TXN0002803,False,none
TXN0009713,False,none
TXN0008750,False,none
TXN0007958,False,none
TXN0000025,False,none
TXN0003384,False,none
TXN0004787,False,none
TXN0000518,False,none
TXN0008823,False,none
TXN0009693,False,none
TXN0000881,False,none
TXN0008669,False,none
TXN0011903,False,none
TXN0007457,False,none
TXN0005508,False,none
TXN0006019,False,none
TXN0004267,False,none
TXN0010158,False,none
TXN0005665,False,none
TXN0007896,False,none
TXN0009860,False,none
TXN0009904,False,none
TXN0003364,False,none
TXN0010139,False,none
TXN0007716,False,none
TXN0002295,False,none
TXN0002663,False,none
TXN0012069,True,velocity
TXN0005035,False,none
TXN0005299,False,none
TXN0006425,False,none
TXN0009748,False,none
TXN0007502,False,none
TXN0010227,False,none
TXN0004602,False,none
TXN0003055,False,none
TXN0001056,False,none
TXN0007881,False,none
TXN0006536,False,none
TXN0003788,False,none
TXN0008711,False,none
TXN0007934,False,none
TXN0009325,False,none
TXN0002450,False,none
TXN0003770,False,none
TXN0004692,False,none
TXN0007863,False,none
TXN0001432,False,none
TXN0001730,False,none
TXN0011940,False,none
TXN0007786,False,none
TXN0007418,False,none
TXN0007396,False,none
TXN0003743,False,none
TXN0002703,False,none
TXN0009172,False,none
TXN0006047,False,none
TXN0011929,False,none
TXN0004183,False,none
TXN0003675,False,none
TXN0011375,False,none
TXN0002428,False,none
TXN0005473,False,none
TXN0004805,False,none
TXN0009225,False,none
TXN0010413,False,none
TXN0011458,False,none
TXN0001537,False,none
TXN0002116,False,none
TXN0007571,False,none
TXN0000223,False,none
TXN0002176,False,none
TXN0006975,False,none
TXN0011292,False,none
TXN0002771,False,none
TXN0011970,True,structuring
TXN0009425,False,none
TXN0008763,False,none
TXN0000431,False,none
TXN0000146,False,none
TXN0003612,False,none
TXN0008250,False,none
TXN0003783,False,none
TXN0000374,False,none
TXN0000945,False,none
TXN0007228,False,none
TXN0000336,False,none
TXN0011157,False,none
TXN0004358,False,none
TXN0009185,False,none
TXN0000677,False,none
TXN0005285,False,none
TXN0000670,False,none
TXN0008552,False,none
TXN0004848,False,none
TXN0002593,False,none
TXN0001263,False,none
TXN0000501,False,none
TXN0010453,False,none
TXN0001725,False,none
TXN0008105,False,none
TXN0008481,False,none
TXN0005509,False,none
TXN0011658,False,none
TXN0003741,False,none
TXN0005962,False,none
TXN0004445,False,none
TXN0004411,False,none
TXN0007427,False,none
TXN0000680,False,none
TXN0010989,False,none
TXN0008596,False,none
TXN0006602,False,none
TXN0006187,False,none
TXN0006777,False,none
TXN0002266,False,none
TXN0010894,False,none
TXN0005455,False,none
TXN0011830,False,none
TXN0009528,False,none
TXN0009991,False,none
TXN0007875,False,none
TXN0002368,False,none
TXN0012104,False,lookalike_legit
TXN0010667,False,none
TXN0000974,False,none
TXN0001895,False,none
TXN0008907,False,none
TXN0004826,False,none
TXN0002013,False,none
TXN0010112,False,none
TXN0012006,True,velocity
TXN0006631,False,none
TXN0009650,False,none
TXN0002216,False,none
TXN0010719,False,none
TXN0007959,False,none
TXN0008753,False,none
TXN0004423,False,none
TXN0006387,False,none
TXN0000576,False,none
TXN0006756,False,none
TXN0001080,False,none
TXN0006199,False,none
TXN0004897,False,none
TXN0001121,False,none
TXN0004874,False,none
TXN0010639,False,none
TXN0006545,False,none
TXN0002200,False,none
TXN0005139,False,none
TXN0000634,False,none
TXN0010360,False,none
TXN0002454,False,none
TXN0006796,False,none
TXN0011656,False,none
TXN0010934,False,none
TXN0011152,False,none
TXN0008251,False,none
TXN0006955,False,none
TXN0002784,False,none
TXN0000422,False,none
TXN0011222,False,none
TXN0008780,False,none
TXN0009209,False,none
TXN0010217,False,none
TXN0011950,False,none
TXN0006034,False,none
TXN0005512,False,none
TXN0004072,False,none
TXN0001650,False,none
TXN0000086,False,none
TXN0006754,False,none
TXN0010269,False,none
TXN0001156,False,none
TXN0011555,False,none
TXN0007653,False,none
TXN0000157,False,none
TXN0008371,False,none
TXN0003526,False,none
TXN0001831,False,none
TXN0009668,False,none
TXN0004082,False,none
TXN0010775,False,none
TXN0004003,False,none
TXN0011524,False,none
TXN0008902,False,none
TXN0007141,False,none
TXN0004520,False,none
TXN0005842,False,none
TXN0003403,False,none
TXN0006014,False,none
TXN0005145,False,none
TXN0000071,False,none
TXN0006443,False,none
TXN0008541,False,none
TXN0010382,False,none
TXN0011136,False,none
TXN0005045,False,none
TXN0011931,False,none
TXN0003457,False,none
TXN0009179,False,none
TXN0002242,False,none
TXN0006952,False,none
TXN0001517,False,none
TXN0001541,False,none
TXN0005559,False,none
TXN0010907,False,none
TXN0004511,False,none
TXN0004418,False,none
TXN0000990,False,none
TXN0010303,False,none
TXN0005572,False,none
TXN0008826,False,none
TXN0007498,False,none
TXN0000737,False,none
TXN0006695,False,none
TXN0002430,False,none
TXN0007115,False,none
TXN0008870,False,none
TXN0010584,False,none
TXN0011660,False,none
TXN0009303,False,none
TXN0009432,False,none
TXN0002594,False,none
TXN0004862,False,none
TXN0002658,False,none
TXN0006281,False,none
TXN0004284,False,none
TXN0005536,False,none
TXN0000933,False,none
TXN0009229,False,none
TXN0011205,False,none
TXN0009121,False,none
TXN0005154,False,none
TXN0009510,False,none
TXN0008339,False,none
TXN0005186,False,none
TXN0006273,False,none
TXN0008014,False,none
TXN0001771,False,none
TXN0000918,False,none
TXN0000922,False,none
TXN0010886,False,none
TXN0011349,False,none
TXN0002427,False,none
TXN0009406,False,none
TXN0010426,False,none
TXN0000152,False,none
TXN0004261,False,none
TXN0001510,False,none
TXN0002234,False,none
TXN0007764,False,none
TXN0007100,False,none
TXN0007155,False,none
TXN0007968,False,none
TXN0001275,False,none
TXN0008299,False,none
TXN0004925,False,none
TXN0007341,False,none
TXN0007885,False,none
TXN0009648,False,none
TXN0004409,False,none
TXN0001352,False,none
TXN0006123,False,none
TXN0007996,False,none
TXN0008637,False,none
TXN0006040,False,none
TXN0009168,False,none
TXN0000832,False,none
TXN0001477,False,none
TXN0004510,False,none
TXN0000189,False,none
TXN0002877,False,none
TXN0002426,False,none
TXN0008359,False,none
TXN0001110,False,none
TXN0006198,False,none
TXN0005603,False,none
TXN0009581,False,none
TXN0009822,False,none
TXN0001822,False,none
TXN0007795,False,none
TXN0006968,False,none
TXN0003588,False,none
TXN0008104,False,none
TXN0004421,False,none
TXN0011680,False,none
TXN0005548,False,none
TXN0003909,False,none
TXN0006293,False,none
TXN0005813,False,none
TXN0009338,False,none
TXN0002447,False,none
TXN0000981,False,none
TXN0004566,False,none
TXN0001973,False,none
TXN0000856,False,none
TXN0003977,False,none
TXN0006543,False,none
TXN0003993,False,none
TXN0006532,False,none
TXN0008511,False,none
TXN0009664,False,none
TXN0010376,False,none
TXN0006609,False,none
TXN0005980,False,none
TXN0009184,False,none
TXN0001117,False,none
TXN0004117,False,none
TXN0004222,False,none
TXN0000170,False,none
TXN0004390,False,none
TXN0007478,False,none
TXN0002028,False,none
TXN0006476,False,none
TXN0004970,False,none
TXN0011061,False,none
TXN0001819,False,none
TXN0002068,False,none
TXN0010642,False,none
TXN0008862,False,none
TXN0001964,False,none
TXN0010714,False,none
TXN0001226,False,none
TXN0001901,False,none
TXN0003890,False,none
TXN0009750,False,none
TXN0009449,False,none
TXN0002742,False,none
TXN0001196,False,none
TXN0010539,False,none
TXN0009374,False,none
TXN0006567,False,none
TXN0007113,False,none
TXN0002726,False,none
TXN0008111,False,none
TXN0001001,False,none
TXN0005535,False,none
TXN0004001,False,none
TXN0002473,False,none
TXN0010317,False,none
TXN0008388,False,none
TXN0005411,False,none
TXN0000658,False,none
TXN0001719,False,none
TXN0007424,False,none
TXN0004092,False,none
TXN0007338,False,none
TXN0011593,False,none
TXN0004259,False,none
TXN0011244,False,none
TXN0003715,False,none
TXN0010368,False,none
TXN0005241,False,none
TXN0004732,False,none
TXN0011111,False,none
TXN0000588,False,none
TXN0004521,False,none
TXN0006763,False,none
TXN0006535,False,none
TXN0006913,False,none
TXN0002815,False,none
TXN0002191,False,none
TXN0011145,False,none
TXN0005323,False,none
TXN0008691,False,none
TXN0004480,False,none
TXN0003005,False,none
TXN0010529,False,none
TXN0007231,False,none
TXN0000636,False,none
TXN0011412,False,none
TXN0008954,False,none
TXN0006751,False,none
TXN0010498,False,none
TXN0010631,False,none
TXN0001192,False,none
TXN0010823,False,none
TXN0002439,False,none
TXN0000568,False,none
TXN0008515,False,none
TXN0010935,False,none
TXN0004599,False,none
TXN0007746,False,none
TXN0000689,False,none
TXN0007932,False,none
TXN0012043,True,velocity
TXN0004369,False,none
TXN0007642,False,none
TXN0001981,False,none
TXN0001245,False,none
TXN0006265,False,none
TXN0007865,False,none
TXN0012057,True,velocity
TXN0007609,False,none
TXN0000756,False,none
TXN0005485,False,none
TXN0000450,False,none
TXN0001339,False,none
TXN0000971,False,none
TXN0007788,False,none
TXN0010497,False,none
TXN0001349,False,none
TXN0004434,False,none
TXN0002050,False,none
TXN0010723,False,none
TXN0000177,False,none
TXN0001401,False,none
TXN0004910,False,none
TXN0000125,False,none
TXN0008730,False,none
TXN0005754,False,none
TXN0001586,False,none
TXN0008918,False,none
TXN0000183,False,none
TXN0009051,False,none
TXN0010128,False,none
TXN0010431,False,none
TXN0009864,False,none
TXN0005848,False,none
TXN0000233,False,none
TXN0010981,False,none
TXN0000285,False,none
TXN0010792,False,none
TXN0011390,False,none
TXN0010494,False,none
TXN0009613,False,none
TXN0007230,False,none
TXN0001642,False,none
TXN0010315,False,none
TXN0006306,False,none
TXN0011720,False,none
TXN0001987,False,none
TXN0003122,False,none
TXN0002831,False,none
TXN0002800,False,none
TXN0003751,False,none
TXN0009384,False,none
TXN0008448,False,none
TXN0009137,False,none
TXN0001990,False,none
TXN0001844,False,none
TXN0009563,False,none
TXN0000161,False,none
TXN0007812,False,none
TXN0000090,False,none
TXN0000936,False,none
TXN0007078,False,none
TXN0008116,False,none
TXN0005583,False,none
TXN0009608,False,none
TXN0004574,False,none
TXN0000701,False,none
TXN0003635,False,none
TXN0009166,False,none
TXN0002097,False,none
TXN0009521,False,none
TXN0009351,False,none
TXN0003898,False,none
TXN0006768,False,none
TXN0004917,False,none
TXN0005194,False,none
TXN0009311,False,none
TXN0006684,False,none
TXN0011673,False,none
TXN0002451,False,none
TXN0000349,False,none
TXN0000033,False,none
TXN0007855,False,none
TXN0004876,False,none
TXN0009472,False,none
TXN0007048,False,none
TXN0008760,False,none
TXN0011397,False,none
TXN0001720,False,none
TXN0003256,False,none
TXN0006585,False,none
TXN0004745,False,none
TXN0010146,False,none
TXN0001593,False,none
TXN0009333,False,none
TXN0000780,False,none
TXN0011589,False,none
TXN0005477,False,none
TXN0007803,False,none
TXN0010705,False,none
TXN0010874,False,none
TXN0001619,False,none
TXN0006979,False,none
TXN0000627,False,none
TXN0005761,False,none
TXN0011404,False,none
TXN0004930,False,none
TXN0009531,False,none
TXN0008791,False,none
TXN0005000,False,none
TXN0000295,False,none
TXN0005674,False,none
TXN0004153,False,none
TXN0006633,False,none
TXN0008199,False,none
TXN0000427,False,none
TXN0001513,False,none
TXN0002303,False,none
TXN0008622,False,none
TXN0001535,False,none
TXN0006100,False,none
TXN0001782,False,none
TXN0011594,False,none
TXN0004758,False,none
TXN0004681,False,none
TXN0004915,False,none
TXN0006832,False,none
TXN0007072,False,none
TXN0010172,False,none
TXN0010406,False,none
TXN0010493,False,none
TXN0006103,False,none
TXN0007704,False,none
TXN0005683,False,none
TXN0002556,False,none
TXN0012060,True,velocity
TXN0003646,False,none
TXN0008088,False,none
TXN0001440,False,none
TXN0005510,False,none
TXN0003489,False,none
TXN0004219,False,none
TXN0000913,False,none
TXN0002579,False,none
TXN0001836,False,none
TXN0000903,False,none
TXN0001309,False,none
TXN0006074,False,none
TXN0005574,False,none
TXN0008425,False,none
TXN0011353,False,none
TXN0008961,False,none
TXN0002988,False,none
TXN0004815,False,none
TXN0005927,False,none
TXN0008654,False,none
TXN0001241,False,none
TXN0001100,False,none
TXN0001298,False,none
TXN0009794,False,none
TXN0010327,False,none
TXN0009473,False,none
TXN0004176,False,none
TXN0009071,False,none
TXN0001288,False,none
TXN0004583,False,none
TXN0012164,False,lookalike_legit
TXN0001012,False,none
TXN0011428,False,none
TXN0011547,False,none
TXN0001669,False,none
TXN0006993,False,none
TXN0002744,False,none
TXN0005247,False,none
TXN0003329,False,none
TXN0003476,False,none
TXN0004083,False,none
TXN0008941,False,none
TXN0006967,False,none
TXN0008633,False,none
TXN0008598,False,none
TXN0002458,False,none
TXN0002336,False,none
TXN0011087,False,none
TXN0007635,False,none
TXN0004293,False,none
TXN0002951,False,none
TXN0008383,False,none
TXN0005366,False,none
TXN0009253,False,none
TXN0011039,False,none
TXN0012053,True,velocity
TXN0007376,False,none
TXN0005978,False,none
TXN0012152,False,lookalike_legit
TXN0012030,True,velocity
TXN0006649,False,none
TXN0004850,False,none
TXN0009894,False,none
TXN0012027,True,velocity
TXN0004630,False,none
TXN0000814,False,none
TXN0008734,False,none
TXN0009038,False,none
TXN0007118,False,none
TXN0007717,False,none
TXN0009995,False,none
TXN0011244,False,none
TXN0004770,False,none
TXN0009396,False,none
TXN0004195,False,none
TXN0002510,False,none
TXN0005787,False,none
TXN0009718,False,none
TXN0004672,False,none
TXN0008948,False,none
TXN0010692,False,none
TXN0009452,False,none
TXN0001811,False,none
TXN0004858,False,none
TXN0003208,False,none
TXN0000870,False,none
TXN0010463,False,none
TXN0004782,False,none
TXN0000266,False,none
TXN0004707,False,none
TXN0007399,False,none
TXN0006075,False,none
TXN0008959,False,none
TXN0004580,False,none
TXN0011579,False,none
TXN0002608,False,none
TXN0011960,True,structuring
TXN0012000,True,velocity
TXN0005153,False,none
TXN0008556,False,none
TXN0004024,False,none
TXN0007523,False,none
TXN0000131,False,none
TXN0001261,False,none
TXN0006228,False,none
TXN0003877,False,none
TXN0005764,False,none
TXN0002858,False,none
TXN0007125,False,none
TXN0007801,False,none
TXN0003113,False,none
TXN0008808,False,none
TXN0008256,False,none
TXN0002638,False,none
TXN0007276,False,none
TXN0011801,False,none
TXN0001396,False,none
TXN0003950,False,none
TXN0011892,False,none
TXN0006542,False,none
TXN0002110,False,none
TXN0000100,False,none
TXN0000062,False,none
TXN0005381,False,none
TXN0006621,False,none
TXN0004346,False,none
TXN0007533,False,none
TXN0000697,False,none
TXN0004136,False,none
TXN0011361,False,none
TXN0011998,True,velocity
TXN0008084,False,none
TXN0001457,False,none
TXN0011664,False,none
TXN0008441,False,none
TXN0005274,False,none
TXN0001067,False,none
TXN0009529,False,none
TXN0000687,False,none
TXN0012148,False,lookalike_legit
TXN0008560,False,none
TXN0010577,False,none
TXN0005554,False,none
TXN0004330,False,none
TXN0012138,False,lookalike_legit
TXN0002035,False,none
TXN0003918,False,none
TXN0007469,False,none
TXN0010019,False,none
TXN0002335,False,none
TXN0007760,False,none
TXN0011389,False,none
TXN0004089,False,none
TXN0003690,False,none
TXN0011197,False,none
TXN0010960,False,none
TXN0000952,False,none
TXN0000155,False,none
TXN0001154,False,none
TXN0005204,False,none
TXN0007025,False,none
TXN0003214,False,none
TXN0000109,False,none
TXN0009546,False,none
TXN0011604,False,none
TXN0000477,False,none
TXN0005534,False,none
TXN0008159,False,none
TXN0002623,False,none
TXN0001655,False,none
TXN0009282,False,none
TXN0000907,False,none
TXN0012051,True,velocity
TXN0011031,False,none
TXN0011743,False,none
TXN0010868,False,none
TXN0002417,False,none
TXN0002358,False,none
TXN0002669,False,none
TXN0005203,False,none
TXN0007398,False,none
TXN0007666,False,none
TXN0007721,False,none
TXN0000095,False,none
TXN0003712,False,none
TXN0011837,False,none
TXN0009291,False,none
TXN0008452,False,none
TXN0006006,False,none
TXN0003050,False,none
TXN0001583,False,none
TXN0002915,False,none
TXN0004290,False,none
TXN0011582,False,none
TXN0002175,False,none
TXN0004642,False,none
TXN0007600,False,none
TXN0003592,False,none
TXN0008944,False,none
TXN0009426,False,none
TXN0001173,False,none
TXN0001053,False,none
TXN0008639,False,none
TXN0005231,False,none
TXN0004540,False,none
TXN0006674,False,none
TXN0007395,False,none
TXN0010933,False,none
TXN0001713,False,none
TXN0008648,False,none
TXN0009808,False,none
TXN0000092,False,none
TXN0003070,False,none
TXN0008886,False,none
TXN0006403,False,none
TXN0005885,False,none
TXN0007126,False,none
TXN0011788,False,none
TXN0001631,False,none
TXN0006431,False,none
TXN0000715,False,none
TXN0011727,False,none
TXN0009030,False,none
TXN0012063,True,velocity
TXN0011779,False,none
TXN0007559,False,none
TXN0008883,False,none
TXN0009533,False,none
TXN0007124,False,none
TXN0004272,False,none
TXN0010218,False,none
TXN0006129,False,none
TXN0007156,False,none
TXN0010027,False,none
TXN0006587,False,none
TXN0005670,False,none
TXN0003088,False,none
TXN0008350,False,none
TXN0008405,False,none
TXN0009270,False,none
TXN0008827,False,none
TXN0006617,False,none
TXN0002421,False,none
TXN0007145,False,none
TXN0005254,False,none
TXN0006351,False,none
TXN0002197,False,none
TXN0007774,False,none
TXN0003069,False,none
TXN0004816,False,none
TXN0011337,False,none
TXN0008216,False,none
TXN0001676,False,none
TXN0002186,False,none
TXN0010677,False,none
TXN0006801,False,none
TXN0005429,False,none
TXN0007843,False,none
TXN0000452,False,none
TXN0005836,False,none
TXN0008973,False,none
TXN0007412,False,none
TXN0005693,False,none
TXN0006530,False,none
TXN0004202,False,none
TXN0002809,False,none
TXN0008431,False,none
TXN0003024,False,none
TXN0003974,False,none
TXN0007105,False,none
TXN0008412,False,none
TXN0007016,False,none
TXN0010503,False,none
TXN0006475,False,none
TXN0010699,False,none
TXN0006507,False,none
TXN0006154,False,none
TXN0010840,False,none
TXN0008631,False,none
TXN0001133,False,none
TXN0011573,False,none
TXN0002099,False,none
TXN0001166,False,none
TXN0006950,False,none
TXN0002416,False,none
TXN0002058,False,none
TXN0010523,False,none
TXN0000725,False,none
TXN0003554,False,none
TXN0005062,False,none
TXN0004819,False,none
TXN0011678,False,none
TXN0009867,False,none
TXN0009491,False,none
TXN0001498,False,none
TXN0003007,False,none
TXN0008349,False,none
TXN0010680,False,none
TXN0001368,False,none
TXN0005284,False,none
TXN0007127,False,none
TXN0004670,False,none
TXN0005250,False,none
TXN0006836,False,none
TXN0000783,False,none
TXN0006596,False,none
TXN0012034,True,velocity
TXN0001187,False,none
TXN0010595,False,none
TXN0003429,False,none
TXN0010155,False,none
TXN0002388,False,none
TXN0011346,False,none
TXN0000637,False,none
TXN0000104,False,none
TXN0010208,False,none
TXN0003761,False,none
TXN0003513,False,none
TXN0008779,False,none
TXN0003386,False,none
TXN0003102,False,none
TXN0008061,False,none
TXN0000702,False,none
TXN0006741,False,none
TXN0011379,False,none
TXN0002205,False,none
TXN0010285,False,none
TXN0004503,False,none
TXN0010340,False,none
TXN0000729,False,none
TXN0005138,False,none
TXN0005762,False,none
TXN0011577,False,none
TXN0007558,False,none
TXN0000227,False,none
TXN0003010,False,none
TXN0008529,False,none
TXN0000998,False,none
TXN0004452,False,none
TXN0009787,False,none
TXN0011606,False,none
TXN0008705,False,none
TXN0000021,False,none
TXN0003870,False,none
TXN0001892,False,none
TXN0001652,False,none
TXN0012134,False,lookalike_legit
TXN0006525,False,none
TXN0006185,False,none
TXN0001956,False,none
TXN0002434,False,none
TXN0009937,False,none
TXN0007223,False,none
TXN0002499,False,none
TXN0004857,False,none
TXN0011761,False,none
TXN0003816,False,none
TXN0001369,False,none
TXN0009567,False,none
TXN0003605,False,none
TXN0011527,False,none
TXN0007349,False,none
TXN0006806,False,none
TXN0010105,False,none
TXN0001682,False,none
TXN0004731,False,none
TXN0008551,False,none
TXN0008675,False,none
TXN0001251,False,none
TXN0008908,False,none
TXN0006978,False,none
TXN0009344,False,none
TXN0012118,False,lookalike_legit
TXN0005482,False,none
TXN0000433,False,none
TXN0005430,False,none
TXN0009764,False,none
TXN0006727,False,none
TXN0008124,False,none
TXN0001425,False,none
TXN0005232,False,none
TXN0001046,False,none
TXN0010417,False,none
TXN0009335,False,none
TXN0011750,False,none
TXN0005657,False,none
TXN0000083,False,none
TXN0011346,False,none
TXN0012107,False,lookalike_legit
TXN0003118,False,none
TXN0006826,False,none
TXN0003245,False,none
TXN0003462,False,none
TXN0000899,False,none
TXN0011602,False,none
TXN0005786,False,none
TXN0001929,False,none
TXN0004206,False,none
TXN0010751,False,none
TXN0011844,False,none
TXN0008725,False,none
TXN0004820,False,none
TXN0001300,False,none
TXN0002147,False,none
TXN0010161,False,none
TXN0007685,False,none
TXN0006817,False,none
TXN0009186,False,none
TXN0011384,False,none
TXN0007182,False,none
TXN0005607,False,none
TXN0007966,False,none
TXN0003628,False,none
TXN0007512,False,none
TXN0005948,False,none
TXN0000091,False,none
TXN0008198,False,none
TXN0005004,False,none
TXN0000608,False,none
TXN0001750,False,none
TXN0009663,False,none
TXN0011608,False,none
TXN0000275,False,none
TXN0011177,False,none
TXN0010690,False,none
TXN0003798,False,none
TXN0003940,False,none
TXN0003729,False,none
TXN0010117,False,none
TXN0006039,False,none
TXN0008876,False,none
TXN0007002,False,none
TXN0003935,False,none
TXN0005634,False,none
TXN0005010,False,none
TXN0001029,False,none
TXN0010795,False,none
TXN0002003,False,none
